group,set,method,scorer,r,cost,len,rouge1_P,rouge1_R,rouge2_P,rouge2_R,idxs
d31010,,greedy1,am,0,98,3,0.4000,0.3657,0.1064,0.0973,84:28:47
d31010,,greedy1,hm,0,104,4,0.3886,0.3776,0.1200,0.1166,47:28:35:5
d31010,,greedy1,R1,0,98,3,0.4000,0.3657,0.1064,0.0973,84:28:47
d31010,,greedy1,R2,0,104,5,0.3960,0.3849,0.1475,0.1433,47:0:35:89:56
d31010,,greedy1,am,0.1,98,3,0.4000,0.3657,0.1064,0.0973,47:28:84
d31010,,greedy1,hm,0.1,96,4,0.4301,0.3849,0.1522,0.1360,47:0:35:37
d31010,,greedy1,R1,0.1,98,3,0.4000,0.3657,0.1064,0.0973,84:28:47
d31010,,greedy1,R2,0.1,104,5,0.3960,0.3849,0.1475,0.1433,47:0:35:89:56
d31010,,greedy1,am,0.2,104,4,0.3886,0.3776,0.1200,0.1166,47:28:35:5
d31010,,greedy1,hm,0.2,104,5,0.3960,0.3849,0.1475,0.1433,47:0:35:89:56
d31010,,greedy1,R1,0.2,104,4,0.4134,0.4021,0.0875,0.0853,84:28:37:26
d31010,,greedy1,R2,0.2,104,5,0.3960,0.3849,0.1475,0.1433,0:47:35:89:56
d31010,,greedy1,am,0.3,104,4,0.3886,0.3776,0.1200,0.1166,47:28:35:5
d31010,,greedy1,hm,0.3,104,5,0.3960,0.3849,0.1475,0.1433,47:0:35:89:56
d31010,,greedy1,R1,0.3,104,4,0.4134,0.4021,0.0875,0.0853,84:28:37:26
d31010,,greedy1,R2,0.3,104,5,0.3960,0.3849,0.1475,0.1433,0:47:35:89:56
d31010,,greedy1,am,0.4,96,4,0.4667,0.4042,0.1489,0.1288,47:76:0:52
d31010,,greedy1,hm,0.4,102,5,0.4201,0.3920,0.1693,0.1576,0:47:12:89:3
d31010,,greedy1,R1,0.4,104,4,0.4134,0.4021,0.0875,0.0853,84:37:28:26
d31010,,greedy1,R2,0.4,102,5,0.4201,0.3920,0.1693,0.1576,0:47:89:12:3
d31010,,greedy1,am,0.5,99,5,0.4553,0.4163,0.1383,0.1264,47:14:52:37:5
d31010,,greedy1,hm,0.5,102,5,0.4201,0.3920,0.1693,0.1576,0:47:12:3:89
d31010,,greedy1,R1,0.5,102,4,0.4470,0.4259,0.1224,0.1168,84:37:7:47
d31010,,greedy1,R2,0.5,102,5,0.4201,0.3920,0.1693,0.1576,0:47:89:3:12
d31010,,greedy1,am,0.6,102,5,0.4661,0.4303,0.1658,0.1528,47:0:52:37:3
d31010,,greedy1,hm,0.6,102,5,0.4201,0.3920,0.1693,0.1576,0:47:12:3:89
d31010,,greedy1,R1,0.6,93,4,0.4667,0.4043,0.1096,0.0949,84:37:7:12
d31010,,greedy1,R2,0.6,102,5,0.4201,0.3920,0.1693,0.1576,0:47:3:89:12
d31010,,greedy1,am,0.8,102,5,0.4661,0.4303,0.1658,0.1528,0:52:37:3:47
d31010,,greedy1,hm,0.8,101,5,0.4474,0.4086,0.1702,0.1552,0:47:3:52:89
d31010,,greedy1,R1,0.8,78,4,0.4900,0.3536,0.1182,0.0852,12:29:37:52
d31010,,greedy1,R2,0.8,18,1,0.5147,0.0841,0.2500,0.0388,0
d30020,,greedy1,am,0,104,4,0.4323,0.4032,0.1342,0.1264,63:115:75:107
d30020,,greedy1,hm,0,102,4,0.4447,0.4083,0.1596,0.1479,115:63:108:17
d30020,,greedy1,R1,0,104,4,0.4323,0.4032,0.1342,0.1264,63:75:115:107
d30020,,greedy1,R2,0,102,4,0.4447,0.4083,0.1596,0.1479,115:63:108:17
d30020,,greedy1,am,0.1,104,4,0.4323,0.4032,0.1342,0.1264,63:115:75:107
d30020,,greedy1,hm,0.1,102,4,0.4447,0.4083,0.1596,0.1479,115:63:108:17
d30020,,greedy1,R1,0.1,103,4,0.4565,0.4076,0.1264,0.1140,63:16:115:32
d30020,,greedy1,R2,0.1,102,4,0.4447,0.4083,0.1596,0.1479,115:63:108:17
d30020,,greedy1,am,0.2,104,4,0.4323,0.4032,0.1342,0.1264,63:115:75:107
d30020,,greedy1,hm,0.2,102,4,0.4447,0.4083,0.1596,0.1479,115:63:108:17
d30020,,greedy1,R1,0.2,103,4,0.4565,0.4076,0.1264,0.1140,63:16:115:32
d30020,,greedy1,R2,0.2,102,4,0.4447,0.4083,0.1596,0.1479,115:63:108:17
d30020,,greedy1,am,0.3,102,4,0.4447,0.4083,0.1596,0.1479,115:108:63:17
d30020,,greedy1,hm,0.3,102,4,0.4447,0.4083,0.1596,0.1479,115:63:108:17
d30020,,greedy1,R1,0.3,103,4,0.4565,0.4076,0.1264,0.1140,16:63:115:32
d30020,,greedy1,R2,0.3,102,4,0.4447,0.4083,0.1596,0.1479,115:63:108:17
d30020,,greedy1,am,0.4,102,4,0.4447,0.4083,0.1596,0.1479,115:108:63:17
d30020,,greedy1,hm,0.4,102,4,0.4447,0.4083,0.1596,0.1479,115:108:63:17
d30020,,greedy1,R1,0.4,102,4,0.4691,0.4401,0.1328,0.1247,16:108:115:19
d30020,,greedy1,R2,0.4,102,4,0.4447,0.4083,0.1596,0.1479,115:108:63:17
d30020,,greedy1,am,0.5,102,4,0.4691,0.4401,0.1302,0.1222,115:108:16:19
d30020,,greedy1,hm,0.5,102,4,0.4447,0.4083,0.1596,0.1479,115:108:63:17
d30020,,greedy1,R1,0.5,102,4,0.4691,0.4401,0.1328,0.1247,16:108:115:19
d30020,,greedy1,R2,0.5,102,4,0.4447,0.4083,0.1596,0.1479,115:108:17:63
d30020,,greedy1,am,0.6,102,4,0.4691,0.4401,0.1302,0.1222,115:108:16:19
d30020,,greedy1,hm,0.6,102,4,0.4447,0.4083,0.1596,0.1479,115:108:17:63
d30020,,greedy1,R1,0.6,102,4,0.4691,0.4401,0.1328,0.1247,16:108:115:19
d30020,,greedy1,R2,0.6,102,4,0.4447,0.4083,0.1596,0.1479,115:108:17:63
d30020,,greedy1,am,0.8,53,2,0.5294,0.2604,0.1850,0.0905,108:115
d30020,,greedy1,hm,0.8,65,3,0.4921,0.2989,0.1815,0.1098,115:108:17
d30020,,greedy1,R1,0.8,51,2,0.5714,0.2697,0.1198,0.0556,108:16
d30020,,greedy1,R2,0.8,65,3,0.4921,0.2989,0.1815,0.1098,115:17:108
d30005,,greedy1,am,0,102,3,0.4830,0.4565,0.1912,0.1803,107:255:213
d30005,,greedy1,hm,0,102,3,0.4830,0.4565,0.1912,0.1803,107:255:213
d30005,,greedy1,R1,0,102,3,0.4830,0.4565,0.1912,0.1803,107:255:213
d30005,,greedy1,R2,0,102,3,0.4830,0.4565,0.1912,0.1803,107:255:213
d30005,,greedy1,am,0.1,102,3,0.4830,0.4565,0.1912,0.1803,107:255:213
d30005,,greedy1,hm,0.1,102,3,0.4830,0.4565,0.1912,0.1803,107:255:213
d30005,,greedy1,R1,0.1,102,3,0.4830,0.4565,0.1912,0.1803,107:255:213
d30005,,greedy1,R2,0.1,102,3,0.4830,0.4565,0.1912,0.1803,107:255:213
d30005,,greedy1,am,0.2,102,3,0.4830,0.4565,0.1912,0.1803,107:255:213
d30005,,greedy1,hm,0.2,102,3,0.4830,0.4565,0.1912,0.1803,107:255:213
d30005,,greedy1,R1,0.2,102,3,0.4830,0.4565,0.1912,0.1803,107:255:213
d30005,,greedy1,R2,0.2,102,3,0.4830,0.4565,0.1912,0.1803,107:255:213
d30005,,greedy1,am,0.3,102,3,0.4830,0.4565,0.1912,0.1803,107:255:213
d30005,,greedy1,hm,0.3,102,3,0.4830,0.4565,0.1912,0.1803,107:255:213
d30005,,greedy1,R1,0.3,104,4,0.4857,0.4676,0.1827,0.1763,107:218:25:178
d30005,,greedy1,R2,0.3,102,3,0.4830,0.4565,0.1912,0.1803,107:255:213
d30005,,greedy1,am,0.4,104,4,0.4857,0.4676,0.1827,0.1763,107:218:25:178
d30005,,greedy1,hm,0.4,102,3,0.4830,0.4565,0.1912,0.1803,107:255:213
d30005,,greedy1,R1,0.4,95,3,0.5130,0.4513,0.1921,0.1693,107:218:25
d30005,,greedy1,R2,0.4,93,4,0.4818,0.4244,0.2132,0.1872,107:4:212:114
d30005,,greedy1,am,0.5,95,3,0.5130,0.4513,0.1921,0.1693,107:218:25
d30005,,greedy1,hm,0.5,95,4,0.5000,0.4489,0.2088,0.1871,107:212:4:219
d30005,,greedy1,R1,0.5,95,3,0.5130,0.4513,0.1921,0.1693,107:218:25
d30005,,greedy1,R2,0.5,93,4,0.4818,0.4244,0.2132,0.1872,107:4:212:114
d30005,,greedy1,am,0.6,93,4,0.5156,0.4537,0.2026,0.1785,107:212:25:219
d30005,,greedy1,hm,0.6,77,3,0.5188,0.3803,0.2310,0.1686,107:212:4
d30005,,greedy1,R1,0.6,95,3,0.5130,0.4513,0.1921,0.1693,107:218:25
d30005,,greedy1,R2,0.6,77,3,0.5188,0.3803,0.2310,0.1686,107:4:212
d30005,,greedy1,am,0.8,55,2,0.5938,0.3044,0.2545,0.1294,107:25
d30005,,greedy1,hm,0.8,41,1,0.6012,0.2312,0.2927,0.1105,107
d30005,,greedy1,R1,0.8,73,3,0.5642,0.3821,0.2192,0.1479,107:25:219
d30005,,greedy1,R2,0.8,41,1,0.6012,0.2312,0.2927,0.1105,107
d31050,,greedy1,am,0,100,2,0.4016,0.3678,0.0726,0.0657,96:91
d31050,,greedy1,hm,0,104,3,0.3813,0.3682,0.0816,0.0781,96:127:162
d31050,,greedy1,R1,0,103,2,0.3864,0.3719,0.0485,0.0462,6:91
d31050,,greedy1,R2,0,104,3,0.3737,0.3465,0.0851,0.0787,96:71:175
d31050,,greedy1,am,0.1,100,2,0.4016,0.3678,0.0726,0.0657,96:91
d31050,,greedy1,hm,0.1,104,3,0.3813,0.3682,0.0816,0.0781,96:127:162
d31050,,greedy1,R1,0.1,103,2,0.3864,0.3719,0.0485,0.0462,6:91
d31050,,greedy1,R2,0.1,104,3,0.3737,0.3465,0.0851,0.0787,96:71:175
d31050,,greedy1,am,0.2,100,2,0.4016,0.3678,0.0726,0.0657,96:91
d31050,,greedy1,hm,0.2,104,3,0.3813,0.3682,0.0816,0.0781,96:127:162
d31050,,greedy1,R1,0.2,103,2,0.3864,0.3719,0.0485,0.0462,6:91
d31050,,greedy1,R2,0.2,100,3,0.3844,0.3486,0.0870,0.0782,96:71:162
d31050,,greedy1,am,0.3,100,2,0.4016,0.3678,0.0726,0.0657,96:91
d31050,,greedy1,hm,0.3,104,3,0.3813,0.3682,0.0816,0.0781,96:127:162
d31050,,greedy1,R1,0.3,103,2,0.3864,0.3719,0.0485,0.0462,6:91
d31050,,greedy1,R2,0.3,100,3,0.3844,0.3486,0.0870,0.0782,96:71:162
d31050,,greedy1,am,0.4,102,3,0.4124,0.3907,0.0755,0.0708,96:127:81
d31050,,greedy1,hm,0.4,100,3,0.3844,0.3486,0.0870,0.0782,96:71:162
d31050,,greedy1,R1,0.4,103,2,0.3864,0.3719,0.0485,0.0462,6:91
d31050,,greedy1,R2,0.4,100,3,0.3844,0.3486,0.0870,0.0782,96:71:162
d31050,,greedy1,am,0.5,103,3,0.4278,0.4048,0.0781,0.0739,96:142:168
d31050,,greedy1,hm,0.5,100,3,0.3844,0.3486,0.0870,0.0782,96:71:162
d31050,,greedy1,R1,0.5,103,4,0.4233,0.4167,0.0500,0.0494,6:122:81:207
d31050,,greedy1,R2,0.5,100,3,0.3844,0.3486,0.0870,0.0782,96:71:162
d31050,,greedy1,am,0.6,103,3,0.4278,0.4048,0.0781,0.0739,96:142:168
d31050,,greedy1,hm,0.6,104,3,0.3725,0.3614,0.0884,0.0849,1:71:125
d31050,,greedy1,R1,0.6,103,4,0.4233,0.4167,0.0500,0.0494,6:122:81:207
d31050,,greedy1,R2,0.6,104,3,0.3725,0.3614,0.0884,0.0849,1:71:125
d31050,,greedy1,am,0.8,80,4,0.4968,0.3816,0.0801,0.0615,151:122:94:76
d31050,,greedy1,hm,0.8,101,4,0.3990,0.3840,0.0893,0.0854,151:71:125:168
d31050,,greedy1,R1,0.8,56,3,0.5045,0.2752,0.0727,0.0388,65:151:81
d31050,,greedy1,R2,0.8,101,3,0.3737,0.3523,0.0885,0.0831,1:71:168
d30010,,greedy1,am,0,99,3,0.4401,0.3963,0.1395,0.1256,198:79:141
d30010,,greedy1,hm,0,99,3,0.4401,0.3963,0.1395,0.1256,198:79:141
d30010,,greedy1,R1,0,99,3,0.4401,0.3963,0.1395,0.1256,198:79:141
d30010,,greedy1,R2,0,102,3,0.4311,0.3960,0.1521,0.1404,198:2:5
d30010,,greedy1,am,0.1,99,3,0.4401,0.3963,0.1395,0.1256,198:79:141
d30010,,greedy1,hm,0.1,99,3,0.4401,0.3963,0.1395,0.1256,198:79:141
d30010,,greedy1,R1,0.1,99,3,0.4401,0.3963,0.1395,0.1256,198:79:141
d30010,,greedy1,R2,0.1,102,3,0.4311,0.3960,0.1521,0.1404,198:2:5
d30010,,greedy1,am,0.2,99,3,0.4401,0.3963,0.1395,0.1256,198:79:141
d30010,,greedy1,hm,0.2,102,3,0.4311,0.3960,0.1521,0.1404,198:2:5
d30010,,greedy1,R1,0.2,99,3,0.4401,0.3963,0.1395,0.1256,198:79:141
d30010,,greedy1,R2,0.2,102,3,0.4311,0.3960,0.1521,0.1404,198:2:5
d30010,,greedy1,am,0.3,99,3,0.4401,0.3963,0.1395,0.1256,198:79:141
d30010,,greedy1,hm,0.3,102,3,0.4311,0.3960,0.1521,0.1404,198:2:5
d30010,,greedy1,R1,0.3,98,3,0.4866,0.4240,0.1277,0.1113,79:86:164
d30010,,greedy1,R2,0.3,102,3,0.4311,0.3960,0.1546,0.1428,2:198:5
d30010,,greedy1,am,0.4,99,3,0.4401,0.3963,0.1395,0.1256,198:79:141
d30010,,greedy1,hm,0.4,102,3,0.4311,0.3960,0.1546,0.1428,2:198:5
d30010,,greedy1,R1,0.4,98,3,0.4866,0.4240,0.1277,0.1113,79:86:164
d30010,,greedy1,R2,0.4,102,3,0.4311,0.3960,0.1521,0.1404,5:2:198
d30010,,greedy1,am,0.5,98,3,0.4866,0.4240,0.1277,0.1113,79:86:164
d30010,,greedy1,hm,0.5,102,5,0.4592,0.4215,0.1701,0.1563,5:2:141:68:216
d30010,,greedy1,R1,0.5,98,3,0.4866,0.4240,0.1277,0.1113,79:164:86
d30010,,greedy1,R2,0.5,102,5,0.4592,0.4215,0.1701,0.1563,5:141:2:68:216
d30010,,greedy1,am,0.6,98,4,0.4665,0.4251,0.1510,0.1385,79:164:2:141
d30010,,greedy1,hm,0.6,89,4,0.4885,0.3977,0.1773,0.1442,5:141:2:68
d30010,,greedy1,R1,0.6,99,4,0.4845,0.4414,0.1328,0.1216,79:164:5:118
d30010,,greedy1,R2,0.6,89,4,0.4885,0.3977,0.1773,0.1442,5:141:2:68
d30010,,greedy1,am,0.8,46,3,0.6056,0.2559,0.2102,0.0877,141:5:215
d30010,,greedy1,hm,0.8,30,2,0.6207,0.1685,0.2679,0.0707,141:5
d30010,,greedy1,R1,0.8,59,3,0.5877,0.3149,0.1607,0.0860,164:215:5
d30010,,greedy1,R2,0.8,30,2,0.6207,0.1685,0.2679,0.0707,141:5
d31031,,greedy1,am,0,102,3,0.3960,0.3779,0.1175,0.1127,28:11:187
d31031,,greedy1,hm,0,102,3,0.4091,0.3826,0.1403,0.1318,28:193:76
d31031,,greedy1,R1,0,104,3,0.3908,0.3806,0.1103,0.1085,28:11:19
d31031,,greedy1,R2,0,102,3,0.4091,0.3826,0.1403,0.1318,28:193:76
d31031,,greedy1,am,0.1,102,3,0.3960,0.3779,0.1175,0.1127,28:11:187
d31031,,greedy1,hm,0.1,102,3,0.4091,0.3826,0.1403,0.1318,28:193:76
d31031,,greedy1,R1,0.1,104,3,0.3908,0.3806,0.1103,0.1085,28:11:19
d31031,,greedy1,R2,0.1,103,5,0.4050,0.3819,0.1540,0.1453,28:193:29:94:187
d31031,,greedy1,am,0.2,102,3,0.3960,0.3779,0.1175,0.1127,28:11:187
d31031,,greedy1,hm,0.2,97,4,0.4184,0.3751,0.1543,0.1389,28:193:29:146
d31031,,greedy1,R1,0.2,101,3,0.4286,0.3972,0.1237,0.1155,28:159:29
d31031,,greedy1,R2,0.2,103,5,0.4050,0.3819,0.1540,0.1453,28:193:29:187:94
d31031,,greedy1,am,0.3,102,3,0.3960,0.3779,0.1175,0.1127,28:11:187
d31031,,greedy1,hm,0.3,97,4,0.4184,0.3751,0.1543,0.1389,28:193:29:146
d31031,,greedy1,R1,0.3,101,3,0.4286,0.3972,0.1237,0.1155,28:159:29
d31031,,greedy1,R2,0.3,103,5,0.4050,0.3819,0.1540,0.1453,28:193:29:187:94
d31031,,greedy1,am,0.4,102,4,0.4208,0.4013,0.1400,0.1335,28:193:230:187
d31031,,greedy1,hm,0.4,103,5,0.4050,0.3819,0.1540,0.1453,28:193:29:187:94
d31031,,greedy1,R1,0.4,101,3,0.4286,0.3972,0.1237,0.1155,28:159:29
d31031,,greedy1,R2,0.4,103,5,0.4050,0.3819,0.1540,0.1453,28:29:193:187:94
d31031,,greedy1,am,0.5,102,4,0.4208,0.4013,0.1400,0.1335,28:193:230:187
d31031,,greedy1,hm,0.5,103,5,0.4050,0.3819,0.1540,0.1453,28:193:29:187:94
d31031,,greedy1,R1,0.5,101,3,0.4286,0.3972,0.1237,0.1155,28:159:29
d31031,,greedy1,R2,0.5,93,4,0.4203,0.3604,0.1611,0.1382,28:29:193:187
d31031,,greedy1,am,0.6,100,4,0.4343,0.4054,0.1352,0.1263,28:193:128:187
d31031,,greedy1,hm,0.6,85,3,0.4367,0.3419,0.1677,0.1316,28:29:193
d31031,,greedy1,R1,0.6,101,3,0.4286,0.3972,0.1237,0.1155,28:159:29
d31031,,greedy1,R2,0.6,56,2,0.4769,0.2434,0.2028,0.1034,28:29
d31031,,greedy1,am,0.8,43,1,0.5179,0.2057,0.2134,0.0842,28
d31031,,greedy1,hm,0.8,43,1,0.5179,0.2057,0.2134,0.0842,28
d31031,,greedy1,R1,0.8,92,3,0.4478,0.3845,0.1389,0.1197,28:128:193
d31031,,greedy1,R2,0.8,43,1,0.5179,0.2057,0.2134,0.0842,28
d31013,,greedy1,am,0,102,3,0.5105,0.4671,0.1968,0.1793,94:194:74
d31013,,greedy1,hm,0,100,3,0.4922,0.4551,0.2053,0.1891,94:194:75
d31013,,greedy1,R1,0,103,2,0.4490,0.4234,0.1289,0.1209,94:232
d31013,,greedy1,R2,0,100,3,0.4922,0.4551,0.2053,0.1891,94:194:75
d31013,,greedy1,am,0.1,102,3,0.5105,0.4671,0.1968,0.1793,94:194:74
d31013,,greedy1,hm,0.1,100,3,0.4922,0.4551,0.2053,0.1891,94:194:75
d31013,,greedy1,R1,0.1,103,2,0.4490,0.4234,0.1289,0.1209,94:232
d31013,,greedy1,R2,0.1,100,3,0.4922,0.4551,0.2053,0.1891,94:194:75
d31013,,greedy1,am,0.2,100,3,0.4922,0.4551,0.2053,0.1891,94:194:75
d31013,,greedy1,hm,0.2,100,3,0.4922,0.4551,0.2053,0.1891,94:194:75
d31013,,greedy1,R1,0.2,98,3,0.5133,0.4644,0.1882,0.1695,94:194:197
d31013,,greedy1,R2,0.2,100,3,0.4922,0.4551,0.2053,0.1891,94:194:75
d31013,,greedy1,am,0.3,100,3,0.4922,0.4551,0.2053,0.1891,94:194:75
d31013,,greedy1,hm,0.3,100,3,0.4922,0.4551,0.2053,0.1891,94:194:75
d31013,,greedy1,R1,0.3,102,4,0.5383,0.5079,0.1959,0.1836,94:260:95:219
d31013,,greedy1,R2,0.3,100,3,0.4922,0.4551,0.2053,0.1891,94:194:75
d31013,,greedy1,am,0.4,102,4,0.5383,0.5079,0.1959,0.1836,94:260:95:219
d31013,,greedy1,hm,0.4,100,3,0.4922,0.4551,0.2053,0.1891,94:194:75
d31013,,greedy1,R1,0.4,102,4,0.5383,0.5079,0.1959,0.1836,94:260:95:219
d31013,,greedy1,R2,0.4,100,3,0.4922,0.4551,0.2053,0.1891,94:194:75
d31013,,greedy1,am,0.5,94,3,0.5583,0.4836,0.2135,0.1836,94:260:95
d31013,,greedy1,hm,0.5,100,3,0.4922,0.4551,0.2053,0.1891,94:194:75
d31013,,greedy1,R1,0.5,102,4,0.5383,0.5079,0.1959,0.1836,94:260:95:219
d31013,,greedy1,R2,0.5,103,4,0.5255,0.4958,0.2088,0.1957,94:95:260:307
d31013,,greedy1,am,0.6,94,3,0.5583,0.4836,0.2135,0.1836,94:260:95
d31013,,greedy1,hm,0.6,94,3,0.5583,0.4836,0.2135,0.1836,94:260:95
d31013,,greedy1,R1,0.6,102,4,0.5383,0.5079,0.1959,0.1836,94:260:95:219
d31013,,greedy1,R2,0.6,94,3,0.5583,0.4836,0.2163,0.1860,94:95:260
d31013,,greedy1,am,0.8,39,2,0.6757,0.2411,0.2708,0.0947,260:75
d31013,,greedy1,hm,0.8,39,2,0.6757,0.2411,0.2708,0.0947,75:260
d31013,,greedy1,R1,0.8,70,2,0.6045,0.3897,0.2121,0.1353,260:94
d31013,,greedy1,R2,0.8,39,2,0.6757,0.2411,0.2708,0.0947,75:260
d31002,,greedy1,am,0,98,2,0.5161,0.4603,0.2147,0.1896,196:209
d31002,,greedy1,hm,0,99,3,0.5947,0.5413,0.2819,0.2541,196:24:86
d31002,,greedy1,R1,0,98,2,0.5161,0.4603,0.2147,0.1896,196:209
d31002,,greedy1,R2,0,99,3,0.5947,0.5413,0.2819,0.2541,196:86:24
d31002,,greedy1,am,0.1,99,3,0.5947,0.5413,0.2819,0.2541,196:24:86
d31002,,greedy1,hm,0.1,99,3,0.5947,0.5413,0.2819,0.2541,196:86:24
d31002,,greedy1,R1,0.1,98,2,0.5161,0.4603,0.2147,0.1896,196:209
d31002,,greedy1,R2,0.1,98,3,0.5957,0.5365,0.2849,0.2541,196:86:88
d31002,,greedy1,am,0.2,99,3,0.5947,0.5413,0.2819,0.2541,196:24:86
d31002,,greedy1,hm,0.2,99,3,0.5947,0.5413,0.2819,0.2541,196:86:24
d31002,,greedy1,R1,0.2,98,2,0.5161,0.4603,0.2147,0.1896,196:209
d31002,,greedy1,R2,0.2,98,3,0.5957,0.5365,0.2849,0.2541,196:86:88
d31002,,greedy1,am,0.3,103,4,0.5833,0.5531,0.2755,0.2587,196:86:138:87
d31002,,greedy1,hm,0.3,103,4,0.5833,0.5531,0.2755,0.2587,196:86:138:87
d31002,,greedy1,R1,0.3,99,3,0.5947,0.5413,0.2819,0.2541,196:24:86
d31002,,greedy1,R2,0.3,98,3,0.5957,0.5365,0.2849,0.2541,196:86:88
d31002,,greedy1,am,0.4,95,3,0.6154,0.5361,0.2917,0.2515,196:86:138
d31002,,greedy1,hm,0.4,95,3,0.6154,0.5361,0.2917,0.2515,196:86:138
d31002,,greedy1,R1,0.4,99,3,0.5947,0.5413,0.2819,0.2541,196:24:86
d31002,,greedy1,R2,0.4,95,3,0.6154,0.5361,0.2917,0.2515,196:86:138
d31002,,greedy1,am,0.5,95,3,0.6154,0.5361,0.2917,0.2515,196:86:138
d31002,,greedy1,hm,0.5,95,3,0.6154,0.5361,0.2917,0.2515,196:86:138
d31002,,greedy1,R1,0.5,95,3,0.6154,0.5361,0.2917,0.2515,196:86:138
d31002,,greedy1,R2,0.5,95,3,0.6154,0.5361,0.2917,0.2515,196:86:138
d31002,,greedy1,am,0.6,95,3,0.6154,0.5361,0.2917,0.2515,196:86:138
d31002,,greedy1,hm,0.6,95,3,0.6154,0.5361,0.2917,0.2515,196:86:138
d31002,,greedy1,R1,0.6,95,3,0.6154,0.5361,0.2917,0.2515,196:86:138
d31002,,greedy1,R2,0.6,68,2,0.6515,0.4115,0.3346,0.2080,196:86
d31002,,greedy1,am,0.8,68,2,0.6515,0.4115,0.3346,0.2080,196:86
d31002,,greedy1,hm,0.8,68,2,0.6515,0.4115,0.3346,0.2080,196:86
d31002,,greedy1,R1,0.8,80,3,0.6282,0.4691,0.2922,0.2153,196:86:54
d31002,,greedy1,R2,0.8,68,2,0.6515,0.4115,0.3346,0.2080,196:86
d31041,,greedy1,am,0,103,3,0.4773,0.4457,0.1760,0.1638,111:218:56
d31041,,greedy1,hm,0,99,3,0.4714,0.4267,0.1868,0.1686,111:218:47
d31041,,greedy1,R1,0,103,3,0.4773,0.4457,0.1760,0.1638,111:218:56
d31041,,greedy1,R2,0,99,3,0.4714,0.4267,0.1868,0.1686,111:218:47
d31041,,greedy1,am,0.1,103,3,0.4773,0.4457,0.1760,0.1638,111:218:56
d31041,,greedy1,hm,0.1,99,3,0.4714,0.4267,0.1868,0.1686,111:218:47
d31041,,greedy1,R1,0.1,103,3,0.4773,0.4457,0.1760,0.1638,111:218:56
d31041,,greedy1,R2,0.1,99,3,0.4714,0.4267,0.1868,0.1686,111:218:47
d31041,,greedy1,am,0.2,103,3,0.4773,0.4457,0.1760,0.1638,111:218:56
d31041,,greedy1,hm,0.2,99,3,0.4714,0.4267,0.1868,0.1686,111:218:47
d31041,,greedy1,R1,0.2,103,3,0.4773,0.4457,0.1760,0.1638,111:218:56
d31041,,greedy1,R2,0.2,99,3,0.4714,0.4267,0.1868,0.1686,111:218:47
d31041,,greedy1,am,0.3,103,3,0.4773,0.4457,0.1760,0.1638,111:218:56
d31041,,greedy1,hm,0.3,99,3,0.4714,0.4267,0.1868,0.1686,111:218:47
d31041,,greedy1,R1,0.3,103,3,0.4773,0.4457,0.1760,0.1638,111:218:56
d31041,,greedy1,R2,0.3,99,3,0.4714,0.4267,0.1868,0.1686,111:218:47
d31041,,greedy1,am,0.4,103,3,0.4773,0.4457,0.1760,0.1638,111:218:56
d31041,,greedy1,hm,0.4,99,3,0.4714,0.4267,0.1868,0.1686,111:218:47
d31041,,greedy1,R1,0.4,103,3,0.4773,0.4457,0.1760,0.1638,111:218:56
d31041,,greedy1,R2,0.4,103,3,0.4868,0.4380,0.1915,0.1725,111:123:219
d31041,,greedy1,am,0.5,103,3,0.4773,0.4457,0.1760,0.1638,111:218:56
d31041,,greedy1,hm,0.5,99,3,0.4714,0.4267,0.1868,0.1686,111:218:47
d31041,,greedy1,R1,0.5,103,3,0.4773,0.4457,0.1760,0.1638,111:218:56
d31041,,greedy1,R2,0.5,103,3,0.4868,0.4380,0.1915,0.1725,111:123:219
d31041,,greedy1,am,0.6,99,3,0.4714,0.4267,0.1868,0.1686,111:218:47
d31041,,greedy1,hm,0.6,103,3,0.4868,0.4380,0.1915,0.1725,111:123:219
d31041,,greedy1,R1,0.6,98,3,0.4894,0.4339,0.1694,0.1495,111:218:93
d31041,,greedy1,R2,0.6,103,3,0.4868,0.4380,0.1915,0.1725,111:123:219
d31041,,greedy1,am,0.8,71,2,0.5336,0.3379,0.1970,0.1240,111:219
d31041,,greedy1,hm,0.8,40,1,0.6014,0.2103,0.2361,0.0810,111
d31041,,greedy1,R1,0.8,57,2,0.5802,0.2908,0.1923,0.0952,111:93
d31041,,greedy1,R2,0.8,40,1,0.6014,0.2103,0.2361,0.0810,111
d31027,,greedy1,am,0,103,3,0.5275,0.4960,0.2702,0.2537,92:2:34
d31027,,greedy1,hm,0,103,3,0.5275,0.4960,0.2702,0.2537,92:2:34
d31027,,greedy1,R1,0,103,3,0.5275,0.4960,0.2702,0.2537,92:2:34
d31027,,greedy1,R2,0,103,3,0.5275,0.4960,0.2702,0.2537,92:2:34
d31027,,greedy1,am,0.1,103,3,0.5275,0.4960,0.2702,0.2537,92:2:34
d31027,,greedy1,hm,0.1,103,3,0.5275,0.4960,0.2702,0.2537,92:2:34
d31027,,greedy1,R1,0.1,102,3,0.5328,0.4960,0.2704,0.2513,161:2:34
d31027,,greedy1,R2,0.1,103,3,0.5275,0.4960,0.2702,0.2537,92:2:34
d31027,,greedy1,am,0.2,103,3,0.5275,0.4960,0.2702,0.2537,92:2:34
d31027,,greedy1,hm,0.2,103,3,0.5275,0.4960,0.2702,0.2537,92:2:34
d31027,,greedy1,R1,0.2,102,3,0.5328,0.4960,0.2704,0.2513,161:2:34
d31027,,greedy1,R2,0.2,103,3,0.5275,0.4960,0.2702,0.2537,92:2:34
d31027,,greedy1,am,0.3,103,3,0.5275,0.4960,0.2702,0.2537,92:2:34
d31027,,greedy1,hm,0.3,103,3,0.5275,0.4960,0.2702,0.2537,92:2:34
d31027,,greedy1,R1,0.3,102,3,0.5328,0.4960,0.2704,0.2513,161:2:34
d31027,,greedy1,R2,0.3,92,2,0.5562,0.4657,0.2955,0.2466,92:2
d31027,,greedy1,am,0.4,102,3,0.5328,0.4960,0.2704,0.2513,161:2:34
d31027,,greedy1,hm,0.4,92,2,0.5562,0.4657,0.2955,0.2466,92:2
d31027,,greedy1,R1,0.4,102,3,0.5328,0.4960,0.2704,0.2513,161:2:34
d31027,,greedy1,R2,0.4,92,2,0.5562,0.4657,0.2955,0.2466,92:2
d31027,,greedy1,am,0.5,91,2,0.5625,0.4657,0.2960,0.2443,161:2
d31027,,greedy1,hm,0.5,92,2,0.5562,0.4657,0.2955,0.2466,92:2
d31027,,greedy1,R1,0.5,102,3,0.5328,0.4960,0.2704,0.2513,161:2:34
d31027,,greedy1,R2,0.5,92,2,0.5562,0.4657,0.2955,0.2466,92:2
d31027,,greedy1,am,0.6,91,2,0.5625,0.4657,0.2960,0.2443,161:2
d31027,,greedy1,hm,0.6,91,2,0.5625,0.4657,0.2960,0.2443,161:2
d31027,,greedy1,R1,0.6,91,2,0.5625,0.4657,0.2960,0.2443,161:2
d31027,,greedy1,R2,0.6,92,2,0.5562,0.4657,0.2955,0.2466,92:2
d31027,,greedy1,am,0.8,80,3,0.6104,0.4422,0.3059,0.2202,50:90:107
d31027,,greedy1,hm,0.8,80,3,0.6104,0.4422,0.3059,0.2202,50:90:107
d31027,,greedy1,R1,0.8,54,2,0.6683,0.3275,0.3039,0.1475,50:107
d31027,,greedy1,R2,0.8,61,2,0.6379,0.3478,0.3289,0.1773,50:90
d31038,,greedy1,am,0,102,2,0.4191,0.4132,0.1312,0.1288,469:458
d31038,,greedy1,hm,0,101,3,0.4293,0.4106,0.1709,0.1627,469:401:2
d31038,,greedy1,R1,0,102,2,0.4191,0.4132,0.1312,0.1288,469:458
d31038,,greedy1,R2,0,104,3,0.4102,0.4080,0.1691,0.1679,377:401:11
d31038,,greedy1,am,0.1,102,2,0.4191,0.4132,0.1312,0.1288,469:458
d31038,,greedy1,hm,0.1,103,4,0.4775,0.4614,0.2096,0.2009,469:344:345:2
d31038,,greedy1,R1,0.1,102,2,0.4191,0.4132,0.1312,0.1288,469:458
d31038,,greedy1,R2,0.1,102,3,0.4141,0.3960,0.1760,0.1678,377:401:2
d31038,,greedy1,am,0.2,102,2,0.4191,0.4132,0.1312,0.1288,469:458
d31038,,greedy1,hm,0.2,103,4,0.4775,0.4614,0.2096,0.2009,469:344:345:2
d31038,,greedy1,R1,0.2,102,2,0.4191,0.4132,0.1312,0.1288,469:458
d31038,,greedy1,R2,0.2,104,4,0.4500,0.4345,0.2146,0.2061,377:344:345:2
d31038,,greedy1,am,0.3,102,3,0.4770,0.4525,0.1985,0.1874,458:344:401
d31038,,greedy1,hm,0.3,102,3,0.4770,0.4525,0.1985,0.1874,458:344:401
d31038,,greedy1,R1,0.3,102,2,0.4191,0.4132,0.1312,0.1288,458:469
d31038,,greedy1,R2,0.3,104,4,0.4500,0.4345,0.2146,0.2061,377:344:345:2
d31038,,greedy1,am,0.4,97,4,0.5163,0.4590,0.2280,0.2011,458:344:345:2
d31038,,greedy1,hm,0.4,97,4,0.5163,0.4590,0.2280,0.2011,458:344:345:2
d31038,,greedy1,R1,0.4,99,3,0.5109,0.4548,0.1786,0.1581,458:344:467
d31038,,greedy1,R2,0.4,97,4,0.5163,0.4590,0.2280,0.2011,345:344:458:2
d31038,,greedy1,am,0.5,97,4,0.5163,0.4590,0.2280,0.2011,458:344:345:2
d31038,,greedy1,hm,0.5,97,4,0.5163,0.4590,0.2280,0.2011,345:344:458:2
d31038,,greedy1,R1,0.5,98,4,0.5053,0.4640,0.2154,0.1965,458:344:345:25
d31038,,greedy1,R2,0.5,91,5,0.4971,0.4128,0.2441,0.2011,345:344:11:472:2
d31038,,greedy1,am,0.6,97,4,0.5163,0.4590,0.2280,0.2011,458:344:345:2
d31038,,greedy1,hm,0.6,86,5,0.5093,0.3990,0.2500,0.1940,345:344:11:200:2
d31038,,greedy1,R1,0.6,98,4,0.5053,0.4640,0.2154,0.1965,458:344:345:25
d31038,,greedy1,R2,0.6,91,5,0.4971,0.4128,0.2441,0.2011,345:344:11:472:2
d31038,,greedy1,am,0.8,16,1,0.7188,0.1115,0.4167,0.0607,345
d31038,,greedy1,hm,0.8,16,1,0.7188,0.1115,0.4167,0.0607,345
d31038,,greedy1,R1,0.8,51,3,0.6122,0.2902,0.2969,0.1382,345:344:11
d31038,,greedy1,R2,0.8,16,1,0.7188,0.1115,0.4167,0.0607,345
d30042,,greedy1,am,0,104,3,0.5075,0.4816,0.1717,0.1632,160:122:140
d30042,,greedy1,hm,0,101,3,0.4722,0.4439,0.1913,0.1805,160:41:8
d30042,,greedy1,R1,0,103,3,0.4900,0.4645,0.1439,0.1365,160:110:175
d30042,,greedy1,R2,0,104,4,0.4851,0.4658,0.2300,0.2219,41:171:8:177
d30042,,greedy1,am,0.1,104,3,0.5075,0.4816,0.1717,0.1632,160:122:140
d30042,,greedy1,hm,0.1,104,4,0.4851,0.4658,0.2300,0.2219,41:171:8:177
d30042,,greedy1,R1,0.1,103,3,0.4900,0.4645,0.1439,0.1365,160:110:175
d30042,,greedy1,R2,0.1,104,4,0.4851,0.4658,0.2300,0.2219,41:171:8:177
d30042,,greedy1,am,0.2,104,3,0.5075,0.4816,0.1717,0.1632,160:122:140
d30042,,greedy1,hm,0.2,104,4,0.4851,0.4658,0.2300,0.2219,41:171:8:177
d30042,,greedy1,R1,0.2,103,3,0.4900,0.4645,0.1439,0.1365,160:110:175
d30042,,greedy1,R2,0.2,104,4,0.4851,0.4658,0.2300,0.2219,41:171:8:177
d30042,,greedy1,am,0.3,99,3,0.5263,0.4745,0.1782,0.1608,160:122:72
d30042,,greedy1,hm,0.3,104,4,0.4851,0.4658,0.2300,0.2219,41:171:8:177
d30042,,greedy1,R1,0.3,99,3,0.5000,0.4598,0.1276,0.1173,160:110:135
d30042,,greedy1,R2,0.3,104,4,0.4851,0.4658,0.2300,0.2219,41:171:8:177
d30042,,greedy1,am,0.4,99,3,0.5263,0.4745,0.1782,0.1608,160:122:72
d30042,,greedy1,hm,0.4,104,4,0.4851,0.4658,0.2300,0.2219,41:171:8:177
d30042,,greedy1,R1,0.4,99,3,0.5000,0.4598,0.1276,0.1173,160:110:135
d30042,,greedy1,R2,0.4,95,3,0.5000,0.4372,0.2445,0.2146,41:171:8
d30042,,greedy1,am,0.5,88,3,0.5465,0.4462,0.2059,0.1685,160:8:140
d30042,,greedy1,hm,0.5,95,3,0.5000,0.4372,0.2445,0.2146,41:171:8
d30042,,greedy1,R1,0.5,99,3,0.5000,0.4598,0.1276,0.1173,160:110:135
d30042,,greedy1,R2,0.5,95,3,0.5000,0.4372,0.2445,0.2146,41:171:8
d30042,,greedy1,am,0.6,88,3,0.5465,0.4462,0.2059,0.1685,160:8:140
d30042,,greedy1,hm,0.6,95,3,0.5000,0.4372,0.2445,0.2146,41:171:8
d30042,,greedy1,R1,0.6,99,3,0.5000,0.4598,0.1276,0.1173,160:110:135
d30042,,greedy1,R2,0.6,95,3,0.5000,0.4372,0.2445,0.2146,41:171:8
d30042,,greedy1,am,0.8,46,2,0.6250,0.2731,0.2556,0.1110,8:140
d30042,,greedy1,hm,0.8,82,3,0.5411,0.4063,0.2532,0.1905,8:140:171
d30042,,greedy1,R1,0.8,73,3,0.5729,0.3919,0.2077,0.1423,7:140:8
d30042,,greedy1,R2,0.8,82,3,0.5411,0.4063,0.2532,0.1905,8:171:140
d30050,,greedy1,am,0,100,3,0.3980,0.3707,0.1160,0.1085,418:262:411
d30050,,greedy1,hm,0,100,3,0.3980,0.3707,0.1160,0.1085,418:262:411
d30050,,greedy1,R1,0,101,2,0.3586,0.3385,0.0485,0.0459,181:119
d30050,,greedy1,R2,0,100,3,0.3980,0.3707,0.1160,0.1085,418:262:411
d30050,,greedy1,am,0.1,100,3,0.3980,0.3707,0.1160,0.1085,418:262:411
d30050,,greedy1,hm,0.1,100,3,0.3980,0.3707,0.1160,0.1085,418:262:411
d30050,,greedy1,R1,0.1,101,2,0.3586,0.3385,0.0485,0.0459,181:119
d30050,,greedy1,R2,0.1,100,3,0.3980,0.3707,0.1160,0.1085,418:262:411
d30050,,greedy1,am,0.2,100,3,0.3980,0.3707,0.1160,0.1085,418:262:411
d30050,,greedy1,hm,0.2,100,3,0.3980,0.3707,0.1160,0.1085,418:262:411
d30050,,greedy1,R1,0.2,101,2,0.3586,0.3385,0.0485,0.0459,181:119
d30050,,greedy1,R2,0.2,100,3,0.3980,0.3707,0.1160,0.1085,418:262:411
d30050,,greedy1,am,0.3,104,3,0.4158,0.3997,0.1000,0.0967,418:219:118
d30050,,greedy1,hm,0.3,100,3,0.3980,0.3707,0.1160,0.1085,418:262:411
d30050,,greedy1,R1,0.3,104,3,0.3981,0.3901,0.0858,0.0851,418:119:411
d30050,,greedy1,R2,0.3,100,3,0.3980,0.3707,0.1160,0.1085,418:262:411
d30050,,greedy1,am,0.4,96,4,0.4543,0.4017,0.1168,0.1038,418:219:411:299
d30050,,greedy1,hm,0.4,100,3,0.3980,0.3707,0.1160,0.1085,418:262:411
d30050,,greedy1,R1,0.4,104,3,0.4158,0.3997,0.1000,0.0967,418:219:118
d30050,,greedy1,R2,0.4,100,3,0.3980,0.3707,0.1160,0.1085,418:262:411
d30050,,greedy1,am,0.5,96,4,0.4543,0.4017,0.1168,0.1038,418:219:411:299
d30050,,greedy1,hm,0.5,103,5,0.4135,0.4084,0.1189,0.1185,418:411:122:307:169
d30050,,greedy1,R1,0.5,96,4,0.4543,0.4017,0.1168,0.1038,418:219:411:299
d30050,,greedy1,R2,0.5,103,5,0.4135,0.4084,0.1189,0.1185,418:411:122:307:169
d30050,,greedy1,am,0.6,104,5,0.4327,0.4283,0.1117,0.1115,418:411:122:169:161
d30050,,greedy1,hm,0.6,84,4,0.4441,0.3586,0.1310,0.1061,418:411:122:307
d30050,,greedy1,R1,0.6,96,4,0.4543,0.4017,0.1168,0.1038,418:219:411:299
d30050,,greedy1,R2,0.6,84,4,0.4441,0.3586,0.1310,0.1061,418:411:122:307
d30050,,greedy1,am,0.8,70,3,0.4824,0.3256,0.1286,0.0872,418:411:194
d30050,,greedy1,hm,0.8,72,3,0.4692,0.3257,0.1354,0.0943,418:411:122
d30050,,greedy1,R1,0.8,33,2,0.5571,0.1845,0.1250,0.0406,411:122
d30050,,greedy1,R2,0.8,72,3,0.4692,0.3257,0.1354,0.0943,418:411:122
d31001,,greedy1,am,0,104,3,0.4330,0.4064,0.1432,0.1348,36:99:105
d31001,,greedy1,hm,0,99,3,0.4348,0.3873,0.2060,0.1839,36:21:42
d31001,,greedy1,R1,0,103,2,0.3854,0.3584,0.1263,0.1177,36:60
d31001,,greedy1,R2,0,99,3,0.4348,0.3873,0.2060,0.1839,36:21:42
d31001,,greedy1,am,0.1,104,3,0.4330,0.4064,0.1432,0.1348,36:99:105
d31001,,greedy1,hm,0.1,99,3,0.4348,0.3873,0.2060,0.1839,36:21:42
d31001,,greedy1,R1,0.1,104,3,0.4278,0.4018,0.1276,0.1203,36:97:58
d31001,,greedy1,R2,0.1,99,3,0.4348,0.3873,0.2060,0.1839,36:21:42
d31001,,greedy1,am,0.2,99,3,0.4348,0.3873,0.2060,0.1839,36:21:42
d31001,,greedy1,hm,0.2,99,3,0.4348,0.3873,0.2060,0.1839,36:21:42
d31001,,greedy1,R1,0.2,104,3,0.4278,0.4018,0.1276,0.1203,36:97:58
d31001,,greedy1,R2,0.2,99,3,0.4348,0.3873,0.2060,0.1839,36:21:42
d31001,,greedy1,am,0.3,99,3,0.4348,0.3873,0.2060,0.1839,36:21:42
d31001,,greedy1,hm,0.3,99,3,0.4348,0.3873,0.2060,0.1839,36:21:42
d31001,,greedy1,R1,0.3,104,3,0.4278,0.4018,0.1276,0.1203,36:97:58
d31001,,greedy1,R2,0.3,99,3,0.4348,0.3873,0.2060,0.1839,36:21:42
d31001,,greedy1,am,0.4,99,3,0.4348,0.3873,0.2060,0.1839,36:21:42
d31001,,greedy1,hm,0.4,99,3,0.4348,0.3873,0.2060,0.1839,36:21:42
d31001,,greedy1,R1,0.4,104,3,0.4278,0.4018,0.1276,0.1203,36:97:58
d31001,,greedy1,R2,0.4,99,3,0.4348,0.3873,0.2060,0.1839,36:21:42
d31001,,greedy1,am,0.5,99,3,0.4348,0.3873,0.2060,0.1839,36:21:42
d31001,,greedy1,hm,0.5,99,3,0.4348,0.3873,0.2060,0.1839,36:21:42
d31001,,greedy1,R1,0.5,103,4,0.4464,0.4233,0.1469,0.1398,36:260:261:255
d31001,,greedy1,R2,0.5,99,3,0.4348,0.3873,0.2060,0.1839,36:21:42
d31001,,greedy1,am,0.6,101,4,0.4495,0.4092,0.1909,0.1740,36:21:110:102
d31001,,greedy1,hm,0.6,99,3,0.4348,0.3873,0.2060,0.1839,36:21:42
d31001,,greedy1,R1,0.6,99,4,0.4394,0.4206,0.1276,0.1223,2:260:23:102
d31001,,greedy1,R2,0.6,99,3,0.4348,0.3873,0.2060,0.1839,36:21:42
d31001,,greedy1,am,0.8,59,3,0.5132,0.2829,0.2366,0.1294,117:21:102
d31001,,greedy1,hm,0.8,49,2,0.5213,0.2370,0.2554,0.1148,117:21
d31001,,greedy1,R1,0.8,73,3,0.5034,0.3549,0.1840,0.1291,117:260:42
d31001,,greedy1,R2,0.8,49,2,0.5213,0.2370,0.2554,0.1148,117:21
d30003,,greedy1,am,0,104,3,0.4566,0.4415,0.1778,0.1695,191:3:195
d30003,,greedy1,hm,0,100,3,0.4894,0.4538,0.2473,0.2264,191:175:65
d30003,,greedy1,R1,0,98,2,0.4069,0.3795,0.0887,0.0825,82:85
d30003,,greedy1,R2,0,100,3,0.4894,0.4538,0.2473,0.2264,191:175:65
d30003,,greedy1,am,0.1,104,3,0.4566,0.4415,0.1778,0.1695,191:3:195
d30003,,greedy1,hm,0.1,100,3,0.4894,0.4538,0.2473,0.2264,191:175:65
d30003,,greedy1,R1,0.1,101,3,0.4388,0.4106,0.0860,0.0806,82:116:204
d30003,,greedy1,R2,0.1,100,3,0.4894,0.4538,0.2473,0.2264,191:175:65
d30003,,greedy1,am,0.2,102,3,0.5000,0.4687,0.2074,0.1920,191:96:98
d30003,,greedy1,hm,0.2,100,3,0.4894,0.4538,0.2473,0.2264,191:175:65
d30003,,greedy1,R1,0.2,102,3,0.5000,0.4687,0.2074,0.1920,96:191:98
d30003,,greedy1,R2,0.2,100,3,0.4894,0.4538,0.2473,0.2264,191:175:65
d30003,,greedy1,am,0.3,103,3,0.5180,0.4957,0.2214,0.2085,191:175:188
d30003,,greedy1,hm,0.3,100,3,0.4894,0.4538,0.2473,0.2264,191:175:65
d30003,,greedy1,R1,0.3,103,3,0.5180,0.4957,0.2214,0.2085,188:175:191
d30003,,greedy1,R2,0.3,100,3,0.4894,0.4538,0.2473,0.2264,191:175:65
d30003,,greedy1,am,0.4,103,3,0.5180,0.4957,0.2214,0.2085,191:175:188
d30003,,greedy1,hm,0.4,100,3,0.4894,0.4538,0.2473,0.2264,191:175:65
d30003,,greedy1,R1,0.4,103,3,0.5180,0.4957,0.2214,0.2085,188:175:191
d30003,,greedy1,R2,0.4,100,3,0.4894,0.4538,0.2473,0.2264,191:175:65
d30003,,greedy1,am,0.5,100,3,0.5266,0.4879,0.2204,0.2001,191:81:175
d30003,,greedy1,hm,0.5,100,3,0.4894,0.4538,0.2473,0.2264,191:175:65
d30003,,greedy1,R1,0.5,103,3,0.5180,0.4957,0.2214,0.2085,188:175:191
d30003,,greedy1,R2,0.5,100,3,0.4894,0.4538,0.2473,0.2264,191:175:65
d30003,,greedy1,am,0.6,103,4,0.5357,0.5199,0.1985,0.1902,191:81:65:204
d30003,,greedy1,hm,0.6,100,3,0.4894,0.4538,0.2473,0.2264,191:175:65
d30003,,greedy1,R1,0.6,95,4,0.5457,0.5049,0.1277,0.1179,188:65:4:71
d30003,,greedy1,R2,0.6,100,3,0.4894,0.4538,0.2473,0.2264,191:175:65
d30003,,greedy1,am,0.8,52,2,0.6500,0.3235,0.2041,0.1003,65:81
d30003,,greedy1,hm,0.8,100,3,0.4894,0.4538,0.2473,0.2264,65:191:175
d30003,,greedy1,R1,0.8,70,3,0.6213,0.4199,0.1679,0.1125,81:65:4
d30003,,greedy1,R2,0.8,100,3,0.4894,0.4538,0.2473,0.2264,191:175:65
d30025,,greedy1,am,0,103,3,0.3840,0.3668,0.1094,0.1039,183:213:10
d30025,,greedy1,hm,0,101,3,0.3830,0.3542,0.1210,0.1113,183:213:26
d30025,,greedy1,R1,0,104,3,0.3575,0.3537,0.0631,0.0628,191:0:143
d30025,,greedy1,R2,0,101,3,0.3830,0.3542,0.1210,0.1113,213:183:26
d30025,,greedy1,am,0.1,103,3,0.3840,0.3668,0.1094,0.1039,183:213:10
d30025,,greedy1,hm,0.1,101,3,0.3830,0.3542,0.1210,0.1113,183:213:26
d30025,,greedy1,R1,0.1,104,3,0.3575,0.3537,0.0631,0.0628,191:0:143
d30025,,greedy1,R2,0.1,101,3,0.3830,0.3542,0.1210,0.1113,183:213:26
d30025,,greedy1,am,0.2,103,3,0.3840,0.3668,0.1094,0.1039,183:213:10
d30025,,greedy1,hm,0.2,101,3,0.3830,0.3542,0.1210,0.1113,183:213:26
d30025,,greedy1,R1,0.2,103,3,0.3840,0.3668,0.1094,0.1039,183:213:10
d30025,,greedy1,R2,0.2,101,3,0.3830,0.3542,0.1210,0.1113,183:213:26
d30025,,greedy1,am,0.3,103,3,0.3840,0.3668,0.1094,0.1039,183:213:10
d30025,,greedy1,hm,0.3,101,3,0.3830,0.3542,0.1210,0.1113,183:213:26
d30025,,greedy1,R1,0.3,103,4,0.4040,0.3937,0.0918,0.0893,183:133:26:94
d30025,,greedy1,R2,0.3,104,4,0.3950,0.3887,0.1263,0.1237,183:26:10:142
d30025,,greedy1,am,0.4,103,3,0.3840,0.3668,0.1094,0.1039,183:213:10
d30025,,greedy1,hm,0.4,104,4,0.3950,0.3887,0.1263,0.1237,183:26:10:142
d30025,,greedy1,R1,0.4,103,4,0.4040,0.3937,0.0918,0.0893,183:133:26:94
d30025,,greedy1,R2,0.4,104,4,0.3950,0.3887,0.1263,0.1237,183:26:10:142
d30025,,greedy1,am,0.5,100,4,0.4175,0.3988,0.1172,0.1113,183:26:10:4
d30025,,greedy1,hm,0.5,104,4,0.3950,0.3887,0.1263,0.1237,183:26:10:142
d30025,,greedy1,R1,0.5,103,4,0.4040,0.3937,0.0918,0.0893,183:133:26:94
d30025,,greedy1,R2,0.5,104,4,0.3950,0.3887,0.1263,0.1237,26:183:10:142
d30025,,greedy1,am,0.6,100,4,0.4175,0.3988,0.1172,0.1113,183:26:10:4
d30025,,greedy1,hm,0.6,104,4,0.3950,0.3887,0.1263,0.1237,183:26:10:142
d30025,,greedy1,R1,0.6,98,4,0.4237,0.3960,0.1090,0.1017,183:92:26:143
d30025,,greedy1,R2,0.6,104,4,0.3950,0.3887,0.1263,0.1237,26:183:10:142
d30025,,greedy1,am,0.8,57,2,0.4861,0.2580,0.1462,0.0766,183:26
d30025,,greedy1,hm,0.8,82,3,0.4367,0.3394,0.1378,0.1064,26:183:10
d30025,,greedy1,R1,0.8,89,4,0.4471,0.3740,0.1071,0.0889,183:143:26:4
d30025,,greedy1,R2,0.8,69,3,0.4216,0.2777,0.1402,0.0916,26:154:142
d31009,,greedy1,am,0,104,4,0.4975,0.4617,0.2050,0.1904,141:26:17:18
d31009,,greedy1,hm,0,104,4,0.4975,0.4617,0.2050,0.1904,141:26:17:18
d31009,,greedy1,R1,0,104,3,0.5075,0.4667,0.1793,0.1652,141:90:93
d31009,,greedy1,R2,0,104,4,0.4851,0.4505,0.2100,0.1954,141:93:17:31
d31009,,greedy1,am,0.1,104,4,0.4975,0.4617,0.2050,0.1904,141:26:17:18
d31009,,greedy1,hm,0.1,104,4,0.4975,0.4617,0.2050,0.1904,141:26:17:18
d31009,,greedy1,R1,0.1,104,3,0.5075,0.4667,0.1793,0.1652,141:90:93
d31009,,greedy1,R2,0.1,104,4,0.4851,0.4505,0.2100,0.1954,141:93:17:31
d31009,,greedy1,am,0.2,104,4,0.4975,0.4617,0.2050,0.1904,141:26:17:18
d31009,,greedy1,hm,0.2,104,4,0.4851,0.4505,0.2100,0.1954,141:93:17:31
d31009,,greedy1,R1,0.2,103,4,0.5278,0.4804,0.1888,0.1721,141:26:11:18
d31009,,greedy1,R2,0.2,104,4,0.4851,0.4505,0.2100,0.1954,141:93:17:31
d31009,,greedy1,am,0.3,104,4,0.4975,0.4617,0.2050,0.1904,141:26:17:18
d31009,,greedy1,hm,0.3,104,4,0.4851,0.4505,0.2100,0.1954,141:93:17:31
d31009,,greedy1,R1,0.3,103,4,0.5278,0.4804,0.1888,0.1721,141:26:11:18
d31009,,greedy1,R2,0.3,104,4,0.4851,0.4505,0.2100,0.1954,141:93:17:31
d31009,,greedy1,am,0.4,104,4,0.5000,0.4639,0.2050,0.1903,141:93:17:147
d31009,,greedy1,hm,0.4,104,4,0.4851,0.4505,0.2100,0.1954,141:93:17:31
d31009,,greedy1,R1,0.4,103,4,0.5278,0.4804,0.1888,0.1721,141:26:11:18
d31009,,greedy1,R2,0.4,104,4,0.4851,0.4505,0.2100,0.1954,141:93:17:31
d31009,,greedy1,am,0.5,104,4,0.5000,0.4639,0.2050,0.1903,141:93:17:147
d31009,,greedy1,hm,0.5,94,3,0.5192,0.4345,0.2222,0.1859,141:93:17
d31009,,greedy1,R1,0.5,102,4,0.5306,0.4780,0.1907,0.1721,141:93:11:18
d31009,,greedy1,R2,0.5,94,3,0.5192,0.4345,0.2222,0.1859,93:141:17
d31009,,greedy1,am,0.6,94,3,0.5192,0.4345,0.2222,0.1859,93:141:17
d31009,,greedy1,hm,0.6,94,3,0.5192,0.4345,0.2222,0.1859,93:141:17
d31009,,greedy1,R1,0.6,102,4,0.5306,0.4780,0.1907,0.1721,141:93:11:18
d31009,,greedy1,R2,0.6,63,2,0.5958,0.3289,0.2669,0.1463,93:141
d31009,,greedy1,am,0.8,63,2,0.5958,0.3289,0.2669,0.1463,93:141
d31009,,greedy1,hm,0.8,63,2,0.5958,0.3289,0.2669,0.1463,93:141
d31009,,greedy1,R1,0.8,56,2,0.6000,0.3041,0.2454,0.1242,93:17
d31009,,greedy1,R2,0.8,63,2,0.5958,0.3289,0.2669,0.1463,93:141
d30048,,greedy1,am,0,98,2,0.3644,0.3244,0.0806,0.0714,188:219
d30048,,greedy1,hm,0,104,4,0.3699,0.3427,0.1082,0.0987,188:90:27:140
d30048,,greedy1,R1,0,104,3,0.3687,0.3440,0.0765,0.0702,188:279:140
d30048,,greedy1,R2,0,104,4,0.3699,0.3427,0.1082,0.0987,188:90:27:140
d30048,,greedy1,am,0.1,104,3,0.3687,0.3440,0.0765,0.0702,188:279:140
d30048,,greedy1,hm,0.1,104,4,0.3699,0.3427,0.1082,0.0987,188:90:27:140
d30048,,greedy1,R1,0.1,104,3,0.3687,0.3440,0.0765,0.0702,188:279:140
d30048,,greedy1,R2,0.1,104,4,0.3699,0.3427,0.1082,0.0987,188:90:27:140
d30048,,greedy1,am,0.2,104,3,0.3687,0.3440,0.0765,0.0702,188:279:140
d30048,,greedy1,hm,0.2,104,4,0.3699,0.3427,0.1082,0.0987,188:90:27:140
d30048,,greedy1,R1,0.2,104,3,0.3687,0.3440,0.0765,0.0702,188:279:140
d30048,,greedy1,R2,0.2,104,4,0.3699,0.3427,0.1082,0.0987,188:90:27:140
d30048,,greedy1,am,0.3,104,3,0.3687,0.3440,0.0765,0.0702,188:279:140
d30048,,greedy1,hm,0.3,104,4,0.3699,0.3427,0.1082,0.0987,188:90:27:140
d30048,,greedy1,R1,0.3,104,3,0.3687,0.3440,0.0765,0.0702,188:279:140
d30048,,greedy1,R2,0.3,104,4,0.3699,0.3427,0.1082,0.0987,188:90:27:140
d30048,,greedy1,am,0.4,104,4,0.3699,0.3427,0.1082,0.0987,188:90:27:140
d30048,,greedy1,hm,0.4,96,3,0.3861,0.3287,0.1152,0.0963,188:90:27
d30048,,greedy1,R1,0.4,104,3,0.3687,0.3440,0.0765,0.0702,188:279:140
d30048,,greedy1,R2,0.4,96,3,0.3861,0.3287,0.1152,0.0963,188:90:27
d30048,,greedy1,am,0.5,96,3,0.3861,0.3287,0.1152,0.0963,188:90:27
d30048,,greedy1,hm,0.5,96,3,0.3861,0.3287,0.1152,0.0963,188:90:27
d30048,,greedy1,R1,0.5,101,4,0.4253,0.3881,0.0807,0.0728,188:154:31:38
d30048,,greedy1,R2,0.5,96,3,0.3861,0.3287,0.1152,0.0963,188:90:27
d30048,,greedy1,am,0.6,103,5,0.4050,0.3806,0.0960,0.0889,188:284:154:27:48
d30048,,greedy1,hm,0.6,102,4,0.3929,0.3650,0.1186,0.1099,188:27:38:215
d30048,,greedy1,R1,0.6,95,4,0.4348,0.3758,0.0934,0.0798,188:154:190:38
d30048,,greedy1,R2,0.6,96,3,0.3861,0.3287,0.1152,0.0963,188:90:27
d30048,,greedy1,am,0.8,48,3,0.5208,0.2359,0.0904,0.0398,284:27:291
d30048,,greedy1,hm,0.8,102,4,0.3929,0.3650,0.1186,0.1099,27:38:188:215
d30048,,greedy1,R1,0.8,48,3,0.5208,0.2359,0.0904,0.0398,284:291:27
d30048,,greedy1,R2,0.8,102,4,0.3929,0.3650,0.1186,0.1099,27:38:188:215
d30051,,greedy1,am,0,101,4,0.5000,0.4796,0.1717,0.1645,85:39:204:162
d30051,,greedy1,hm,0,104,5,0.4880,0.4868,0.1699,0.1691,85:204:39:94:133
d30051,,greedy1,R1,0,103,3,0.4485,0.4390,0.1312,0.1287,9:39:85
d30051,,greedy1,R2,0,104,5,0.4880,0.4868,0.1699,0.1691,85:204:39:94:133
d30051,,greedy1,am,0.1,101,4,0.5000,0.4796,0.1717,0.1645,85:39:204:162
d30051,,greedy1,hm,0.1,104,5,0.4880,0.4868,0.1699,0.1691,85:204:39:94:133
d30051,,greedy1,R1,0.1,103,3,0.4485,0.4390,0.1312,0.1287,9:39:85
d30051,,greedy1,R2,0.1,104,5,0.4880,0.4868,0.1699,0.1691,85:204:39:94:133
d30051,,greedy1,am,0.2,104,5,0.4880,0.4868,0.1699,0.1691,85:39:204:94:133
d30051,,greedy1,hm,0.2,104,5,0.4880,0.4868,0.1699,0.1691,85:204:39:94:133
d30051,,greedy1,R1,0.2,103,3,0.4485,0.4390,0.1312,0.1287,9:39:85
d30051,,greedy1,R2,0.2,95,4,0.5184,0.4721,0.1835,0.1666,85:204:39:94
d30051,,greedy1,am,0.3,95,4,0.5184,0.4721,0.1835,0.1666,85:204:39:94
d30051,,greedy1,hm,0.3,95,4,0.5184,0.4721,0.1835,0.1666,85:204:39:94
d30051,,greedy1,R1,0.3,104,5,0.4880,0.4868,0.1699,0.1691,85:39:204:94:133
d30051,,greedy1,R2,0.3,95,4,0.5184,0.4721,0.1835,0.1666,85:204:39:94
d30051,,greedy1,am,0.4,95,4,0.5184,0.4721,0.1835,0.1666,85:204:39:94
d30051,,greedy1,hm,0.4,95,4,0.5184,0.4721,0.1835,0.1666,85:204:39:94
d30051,,greedy1,R1,0.4,95,4,0.5184,0.4721,0.1835,0.1666,85:39:204:94
d30051,,greedy1,R2,0.4,93,4,0.4918,0.4347,0.1923,0.1695,204:85:12:94
d30051,,greedy1,am,0.5,95,4,0.5184,0.4721,0.1835,0.1666,85:204:39:94
d30051,,greedy1,hm,0.5,95,4,0.5184,0.4721,0.1835,0.1666,85:204:94:39
d30051,,greedy1,R1,0.5,95,4,0.5184,0.4721,0.1835,0.1666,85:39:204:94
d30051,,greedy1,R2,0.5,47,2,0.6330,0.2852,0.2772,0.1234,204:85
d30051,,greedy1,am,0.6,95,4,0.5184,0.4721,0.1835,0.1666,85:204:39:94
d30051,,greedy1,hm,0.6,47,2,0.6330,0.2852,0.2772,0.1234,204:85
d30051,,greedy1,R1,0.6,95,4,0.5184,0.4721,0.1835,0.1666,85:204:39:94
d30051,,greedy1,R2,0.6,47,2,0.6330,0.2852,0.2772,0.1234,204:85
d30051,,greedy1,am,0.8,47,2,0.6330,0.2852,0.2717,0.1211,85:204
d30051,,greedy1,hm,0.8,47,2,0.6330,0.2852,0.2772,0.1234,204:85
d30051,,greedy1,R1,0.8,47,2,0.6330,0.2852,0.2717,0.1211,85:204
d30051,,greedy1,R2,0.8,20,1,0.6842,0.1241,0.3750,0.0647,204
d30040,,greedy1,am,0,104,3,0.4116,0.3986,0.1097,0.1062,37:57:73
d30040,,greedy1,hm,0,104,4,0.4691,0.4452,0.1589,0.1507,57:0:73:2
d30040,,greedy1,R1,0,104,4,0.4394,0.4255,0.1046,0.1012,37:57:274:280
d30040,,greedy1,R2,0,104,4,0.4691,0.4452,0.1589,0.1507,57:0:73:2
d30040,,greedy1,am,0.1,98,3,0.4628,0.4254,0.1210,0.1111,59:57:73
d30040,,greedy1,hm,0.1,104,4,0.4691,0.4452,0.1589,0.1507,57:0:73:2
d30040,,greedy1,R1,0.1,104,4,0.4394,0.4255,0.1046,0.1012,37:57:274:280
d30040,,greedy1,R2,0.1,104,4,0.4691,0.4452,0.1589,0.1507,57:0:2:73
d30040,,greedy1,am,0.2,98,3,0.4628,0.4254,0.1210,0.1111,57:59:73
d30040,,greedy1,hm,0.2,104,4,0.4691,0.4452,0.1589,0.1507,57:0:73:2
d30040,,greedy1,R1,0.2,104,4,0.4394,0.4255,0.1046,0.1012,37:57:274:280
d30040,,greedy1,R2,0.2,99,4,0.4628,0.4257,0.1640,0.1509,73:57:216:34
d30040,,greedy1,am,0.3,98,3,0.4628,0.4254,0.1210,0.1111,57:59:73
d30040,,greedy1,hm,0.3,99,4,0.4628,0.4257,0.1640,0.1509,73:57:216:34
d30040,,greedy1,R1,0.3,98,3,0.4628,0.4254,0.1210,0.1111,59:57:73
d30040,,greedy1,R2,0.3,98,4,0.4342,0.4036,0.1596,0.1484,34:73:216:281
d30040,,greedy1,am,0.4,98,3,0.4628,0.4254,0.1210,0.1111,57:59:73
d30040,,greedy1,hm,0.4,93,4,0.5197,0.4524,0.1733,0.1507,73:57:58:2
d30040,,greedy1,R1,0.4,98,3,0.4628,0.4254,0.1210,0.1111,59:57:73
d30040,,greedy1,R2,0.4,89,5,0.4799,0.4083,0.1831,0.1556,34:73:2:58:87
d30040,,greedy1,am,0.5,103,5,0.4975,0.4817,0.1556,0.1507,57:58:73:2:260
d30040,,greedy1,hm,0.5,89,5,0.4799,0.4083,0.1831,0.1556,73:34:2:58:87
d30040,,greedy1,R1,0.5,98,3,0.4628,0.4254,0.1210,0.1111,57:59:73
d30040,,greedy1,R2,0.5,98,5,0.5053,0.4648,0.1801,0.1655,34:73:2:274:57
d30040,,greedy1,am,0.6,98,5,0.5053,0.4648,0.1774,0.1631,73:274:2:34:57
d30040,,greedy1,hm,0.6,62,4,0.5833,0.3424,0.2203,0.1285,73:34:2:274
d30040,,greedy1,R1,0.6,97,4,0.5000,0.4550,0.1223,0.1112,145:58:57:82
d30040,,greedy1,R2,0.6,62,4,0.5833,0.3424,0.2203,0.1285,34:73:2:274
d30040,,greedy1,am,0.8,62,4,0.5833,0.3424,0.2203,0.1285,274:73:2:34
d30040,,greedy1,hm,0.8,62,4,0.5833,0.3424,0.2203,0.1285,34:73:274:2
d30040,,greedy1,R1,0.8,62,4,0.5833,0.3424,0.2203,0.1285,274:73:2:34
d30040,,greedy1,R2,0.8,62,4,0.5833,0.3424,0.2203,0.1285,34:73:274:2
d31011,,greedy1,am,0,100,3,0.4621,0.4354,0.1607,0.1514,119:164:134
d31011,,greedy1,hm,0,100,3,0.4794,0.4403,0.1797,0.1643,119:93:134
d31011,,greedy1,R1,0,100,3,0.4600,0.4374,0.1515,0.1440,119:164:51
d31011,,greedy1,R2,0,100,3,0.4794,0.4403,0.1797,0.1643,119:93:134
d31011,,greedy1,am,0.1,100,3,0.4794,0.4403,0.1797,0.1643,119:134:93
d31011,,greedy1,hm,0.1,100,3,0.4794,0.4403,0.1797,0.1643,119:134:93
d31011,,greedy1,R1,0.1,104,4,0.4543,0.4474,0.1481,0.1451,119:164:77:85
d31011,,greedy1,R2,0.1,100,3,0.4794,0.4403,0.1797,0.1643,119:93:134
d31011,,greedy1,am,0.2,100,3,0.4794,0.4403,0.1797,0.1643,119:134:93
d31011,,greedy1,hm,0.2,100,3,0.4794,0.4403,0.1797,0.1643,119:134:93
d31011,,greedy1,R1,0.2,99,3,0.4820,0.4432,0.1562,0.1430,119:51:50
d31011,,greedy1,R2,0.2,100,3,0.4794,0.4403,0.1797,0.1643,119:93:134
d31011,,greedy1,am,0.3,99,4,0.5077,0.4710,0.1881,0.1739,119:134:77:124
d31011,,greedy1,hm,0.3,100,3,0.4794,0.4403,0.1797,0.1643,119:134:93
d31011,,greedy1,R1,0.3,99,4,0.5000,0.4680,0.1786,0.1665,119:51:77:124
d31011,,greedy1,R2,0.3,100,3,0.4794,0.4403,0.1797,0.1643,119:134:93
d31011,,greedy1,am,0.4,99,4,0.5077,0.4710,0.1881,0.1739,119:134:77:124
d31011,,greedy1,hm,0.4,99,4,0.5077,0.4710,0.1881,0.1739,119:134:124:77
d31011,,greedy1,R1,0.4,99,4,0.5000,0.4680,0.1786,0.1665,119:51:77:124
d31011,,greedy1,R2,0.4,99,4,0.5077,0.4710,0.1881,0.1739,119:124:134:77
d31011,,greedy1,am,0.5,99,4,0.5077,0.4710,0.1881,0.1739,119:134:77:124
d31011,,greedy1,hm,0.5,99,4,0.5077,0.4710,0.1881,0.1739,119:124:134:77
d31011,,greedy1,R1,0.5,99,4,0.5000,0.4680,0.1786,0.1665,119:51:77:124
d31011,,greedy1,R2,0.5,99,4,0.5077,0.4710,0.1881,0.1739,119:124:134:77
d31011,,greedy1,am,0.6,99,4,0.5077,0.4710,0.1881,0.1739,119:134:124:77
d31011,,greedy1,hm,0.6,43,2,0.6453,0.2623,0.2798,0.1117,119:124
d31011,,greedy1,R1,0.6,91,4,0.5250,0.4479,0.1798,0.1532,119:51:124:175
d31011,,greedy1,R2,0.6,43,2,0.6453,0.2623,0.2798,0.1117,119:124
d31011,,greedy1,am,0.8,32,1,0.7109,0.2151,0.3145,0.0924,119
d31011,,greedy1,hm,0.8,32,1,0.7109,0.2151,0.3145,0.0924,119
d31011,,greedy1,R1,0.8,32,1,0.7109,0.2151,0.3145,0.0924,119
d31011,,greedy1,R2,0.8,32,1,0.7109,0.2151,0.3145,0.0924,119
d30034,,greedy1,am,0,100,3,0.4323,0.3972,0.1395,0.1280,48:124:35
d30034,,greedy1,hm,0,104,4,0.4250,0.4067,0.1616,0.1547,124:111:129:17
d30034,,greedy1,R1,0,103,3,0.4192,0.3973,0.1224,0.1161,48:124:58
d30034,,greedy1,R2,0,102,4,0.4311,0.4044,0.1701,0.1596,124:111:143:17
d30034,,greedy1,am,0.1,100,3,0.4323,0.3972,0.1395,0.1280,48:124:35
d30034,,greedy1,hm,0.1,102,4,0.4311,0.4044,0.1701,0.1596,124:111:143:17
d30034,,greedy1,R1,0.1,100,3,0.4323,0.3972,0.1395,0.1280,48:124:35
d30034,,greedy1,R2,0.1,102,4,0.4742,0.4400,0.1953,0.1808,147:111:124:35
d30034,,greedy1,am,0.2,100,3,0.4323,0.3972,0.1395,0.1280,48:124:35
d30034,,greedy1,hm,0.2,102,4,0.4742,0.4400,0.1953,0.1808,147:111:35:124
d30034,,greedy1,R1,0.2,100,3,0.4323,0.3972,0.1395,0.1280,48:124:35
d30034,,greedy1,R2,0.2,102,4,0.4742,0.4400,0.1953,0.1808,147:111:35:124
d30034,,greedy1,am,0.3,100,3,0.4323,0.3972,0.1395,0.1280,48:124:35
d30034,,greedy1,hm,0.3,102,4,0.4742,0.4400,0.1953,0.1808,147:111:35:124
d30034,,greedy1,R1,0.3,103,4,0.4515,0.4449,0.1299,0.1279,48:143:147:96
d30034,,greedy1,R2,0.3,102,4,0.4742,0.4400,0.1953,0.1808,147:111:35:124
d30034,,greedy1,am,0.4,96,4,0.5027,0.4522,0.1720,0.1544,147:122:81:111
d30034,,greedy1,hm,0.4,100,5,0.4719,0.4421,0.1985,0.1852,147:111:35:129:17
d30034,,greedy1,R1,0.4,103,4,0.4515,0.4449,0.1299,0.1279,48:143:147:96
d30034,,greedy1,R2,0.4,100,5,0.4719,0.4421,0.1985,0.1852,147:111:35:129:17
d30034,,greedy1,am,0.5,101,5,0.4949,0.4637,0.1881,0.1755,147:122:35:111:28
d30034,,greedy1,hm,0.5,100,5,0.4719,0.4421,0.2010,0.1876,147:35:111:129:17
d30034,,greedy1,R1,0.5,96,4,0.5027,0.4522,0.1720,0.1544,122:147:81:111
d30034,,greedy1,R2,0.5,103,6,0.4948,0.4586,0.2135,0.1969,147:35:111:138:17:78
d30034,,greedy1,am,0.6,101,5,0.4949,0.4637,0.1881,0.1755,147:122:35:111:28
d30034,,greedy1,hm,0.6,103,6,0.4948,0.4586,0.2135,0.1969,147:35:111:138:17:78
d30034,,greedy1,R1,0.6,88,5,0.5233,0.4303,0.1676,0.1369,122:147:28:35:2
d30034,,greedy1,R2,0.6,103,6,0.4948,0.4586,0.2135,0.1969,147:35:111:138:17:78
d30034,,greedy1,am,0.8,60,3,0.5776,0.3201,0.2500,0.1370,35:147:111
d30034,,greedy1,hm,0.8,60,3,0.5776,0.3201,0.2500,0.1370,35:147:111
d30034,,greedy1,R1,0.8,60,3,0.5890,0.3322,0.2241,0.1249,122:147:35
d30034,,greedy1,R2,0.8,47,3,0.5978,0.2626,0.2611,0.1127,35:17:147
d30016,,greedy1,am,0,102,2,0.4646,0.4384,0.1403,0.1327,119:120
d30016,,greedy1,hm,0,97,2,0.4785,0.4238,0.1630,0.1442,119:63
d30016,,greedy1,R1,0,102,2,0.4646,0.4384,0.1403,0.1327,119:120
d30016,,greedy1,R2,0,97,2,0.4785,0.4238,0.1630,0.1442,119:63
d30016,,greedy1,am,0.1,102,2,0.4646,0.4384,0.1403,0.1327,119:120
d30016,,greedy1,hm,0.1,103,3,0.5150,0.4915,0.2045,0.1963,119:59:154
d30016,,greedy1,R1,0.1,102,2,0.4646,0.4384,0.1403,0.1327,119:120
d30016,,greedy1,R2,0.1,103,3,0.5150,0.4915,0.2045,0.1963,119:59:154
d30016,,greedy1,am,0.2,97,2,0.4785,0.4238,0.1630,0.1442,119:63
d30016,,greedy1,hm,0.2,103,3,0.5150,0.4915,0.2045,0.1963,119:59:154
d30016,,greedy1,R1,0.2,102,2,0.4646,0.4384,0.1403,0.1327,119:120
d30016,,greedy1,R2,0.2,103,3,0.5150,0.4915,0.2045,0.1963,119:59:154
d30016,,greedy1,am,0.3,103,3,0.5150,0.4915,0.2071,0.1986,119:154:59
d30016,,greedy1,hm,0.3,103,3,0.5150,0.4915,0.2045,0.1963,119:59:154
d30016,,greedy1,R1,0.3,102,2,0.4646,0.4384,0.1403,0.1327,119:120
d30016,,greedy1,R2,0.3,103,3,0.5150,0.4915,0.2045,0.1963,119:59:154
d30016,,greedy1,am,0.4,103,3,0.5150,0.4915,0.2071,0.1986,119:154:59
d30016,,greedy1,hm,0.4,100,4,0.5230,0.4890,0.2242,0.2101,119:59:133:56
d30016,,greedy1,R1,0.4,103,3,0.5150,0.4915,0.2071,0.1986,119:154:59
d30016,,greedy1,R2,0.4,100,4,0.5230,0.4890,0.2242,0.2101,119:59:133:56
d30016,,greedy1,am,0.5,103,3,0.5150,0.4915,0.2071,0.1986,119:154:59
d30016,,greedy1,hm,0.5,100,4,0.5230,0.4890,0.2242,0.2101,119:133:59:56
d30016,,greedy1,R1,0.5,96,3,0.5376,0.4769,0.1821,0.1619,119:154:20
d30016,,greedy1,R2,0.5,99,5,0.5052,0.4671,0.2448,0.2265,133:160:59:56:16
d30016,,greedy1,am,0.6,103,3,0.5150,0.4915,0.2071,0.1986,119:154:59
d30016,,greedy1,hm,0.6,73,4,0.5764,0.3955,0.2782,0.1899,133:160:59:56
d30016,,greedy1,R1,0.6,96,3,0.5376,0.4769,0.1821,0.1619,119:154:20
d30016,,greedy1,R2,0.6,73,4,0.5764,0.3955,0.2782,0.1899,133:160:59:56
d30016,,greedy1,am,0.8,46,3,0.6556,0.2802,0.3182,0.1333,133:160:56
d30016,,greedy1,hm,0.8,46,3,0.6556,0.2802,0.3182,0.1333,133:160:56
d30016,,greedy1,R1,0.8,61,2,0.6144,0.3459,0.1897,0.1064,119:161
d30016,,greedy1,R2,0.8,45,3,0.6534,0.2732,0.3198,0.1309,82:56:160
d30056,,greedy1,am,0,101,3,0.4597,0.4058,0.1495,0.1324,35:26:57
d30056,,greedy1,hm,0,103,4,0.4505,0.4101,0.1579,0.1438,26:35:122:175
d30056,,greedy1,R1,0,102,3,0.4316,0.3891,0.1011,0.0918,35:40:22
d30056,,greedy1,R2,0,103,4,0.4505,0.4101,0.1579,0.1438,26:35:122:175
d30056,,greedy1,am,0.1,98,3,0.4698,0.4055,0.1528,0.1317,35:26:98
d30056,,greedy1,hm,0.1,103,4,0.4505,0.4101,0.1579,0.1438,26:35:122:175
d30056,,greedy1,R1,0.1,102,3,0.4316,0.3891,0.1011,0.0918,35:40:22
d30056,,greedy1,R2,0.1,103,4,0.4505,0.4101,0.1579,0.1438,26:35:122:175
d30056,,greedy1,am,0.2,98,3,0.4698,0.4055,0.1528,0.1317,35:26:98
d30056,,greedy1,hm,0.2,103,4,0.4505,0.4101,0.1579,0.1438,26:35:122:175
d30056,,greedy1,R1,0.2,102,3,0.4316,0.3891,0.1011,0.0918,35:40:22
d30056,,greedy1,R2,0.2,103,5,0.4823,0.4530,0.1786,0.1674,26:122:38:98:175
d30056,,greedy1,am,0.3,98,3,0.4698,0.4055,0.1528,0.1317,35:26:98
d30056,,greedy1,hm,0.3,104,5,0.4752,0.4558,0.1725,0.1651,4:98:122:38:7
d30056,,greedy1,R1,0.3,104,3,0.4536,0.4180,0.1302,0.1204,35:4:0
d30056,,greedy1,R2,0.3,103,5,0.4823,0.4530,0.1786,0.1674,26:122:38:98:175
d30056,,greedy1,am,0.4,101,5,0.4899,0.4605,0.1709,0.1606,4:98:122:123:174
d30056,,greedy1,hm,0.4,104,5,0.4752,0.4558,0.1725,0.1651,4:122:98:38:7
d30056,,greedy1,R1,0.4,104,3,0.4536,0.4180,0.1302,0.1204,35:4:0
d30056,,greedy1,R2,0.4,103,5,0.4485,0.4126,0.1875,0.1723,4:122:38:26:137
d30056,,greedy1,am,0.5,101,5,0.4899,0.4605,0.1709,0.1606,4:98:122:123:174
d30056,,greedy1,hm,0.5,104,5,0.4752,0.4558,0.1725,0.1651,4:122:98:38:7
d30056,,greedy1,R1,0.5,100,4,0.4897,0.4511,0.1458,0.1345,98:4:0:123
d30056,,greedy1,R2,0.5,102,5,0.4349,0.3958,0.1895,0.1720,4:122:38:105:123
d30056,,greedy1,am,0.6,101,5,0.4899,0.4605,0.1709,0.1606,4:98:122:123:174
d30056,,greedy1,hm,0.6,97,5,0.4974,0.4481,0.1755,0.1579,4:122:98:123:172
d30056,,greedy1,R1,0.6,102,5,0.4925,0.4670,0.1616,0.1531,98:4:123:121:122
d30056,,greedy1,R2,0.6,104,6,0.4678,0.4485,0.1825,0.1748,4:38:122:137:123:172
d30056,,greedy1,am,0.8,64,3,0.5766,0.3390,0.1926,0.1124,4:98:123
d30056,,greedy1,hm,0.8,21,1,0.6579,0.1183,0.3333,0.0573,4
d30056,,greedy1,R1,0.8,52,3,0.6010,0.2965,0.1569,0.0768,172:98:123
d30056,,greedy1,R2,0.8,21,1,0.6579,0.1183,0.3333,0.0573,4
d30012,,greedy1,am,0,104,3,0.3737,0.3624,0.1199,0.1155,165:10:96
d30012,,greedy1,hm,0,101,3,0.3906,0.3662,0.1605,0.1489,165:101:98
d30012,,greedy1,R1,0,102,3,0.3699,0.3543,0.0876,0.0829,21:165:45
d30012,,greedy1,R2,0,101,3,0.3906,0.3662,0.1605,0.1489,165:101:98
d30012,,greedy1,am,0.1,104,3,0.3737,0.3624,0.1199,0.1155,165:10:96
d30012,,greedy1,hm,0.1,101,3,0.3906,0.3662,0.1605,0.1489,165:101:98
d30012,,greedy1,R1,0.1,102,3,0.3699,0.3543,0.0876,0.0829,21:165:45
d30012,,greedy1,R2,0.1,101,3,0.3687,0.3557,0.1582,0.1509,165:127:97
d30012,,greedy1,am,0.2,104,3,0.3737,0.3624,0.1199,0.1155,165:10:96
d30012,,greedy1,hm,0.2,101,3,0.3687,0.3557,0.1582,0.1509,165:127:97
d30012,,greedy1,R1,0.2,102,3,0.3699,0.3543,0.0876,0.0829,21:165:45
d30012,,greedy1,R2,0.2,101,3,0.3687,0.3557,0.1582,0.1509,165:127:97
d30012,,greedy1,am,0.3,104,3,0.3737,0.3624,0.1199,0.1155,165:10:96
d30012,,greedy1,hm,0.3,101,3,0.3687,0.3557,0.1582,0.1509,165:127:97
d30012,,greedy1,R1,0.3,102,3,0.4124,0.3927,0.1172,0.1115,158:10:164
d30012,,greedy1,R2,0.3,101,3,0.3687,0.3557,0.1582,0.1509,165:127:97
d30012,,greedy1,am,0.4,104,4,0.3981,0.4015,0.1691,0.1699,158:127:97:112
d30012,,greedy1,hm,0.4,101,3,0.3687,0.3557,0.1582,0.1509,165:127:97
d30012,,greedy1,R1,0.4,102,3,0.4124,0.3927,0.1172,0.1115,158:10:164
d30012,,greedy1,R2,0.4,101,3,0.3687,0.3557,0.1582,0.1509,165:127:97
d30012,,greedy1,am,0.5,103,4,0.3985,0.3940,0.1775,0.1748,158:97:127:98
d30012,,greedy1,hm,0.5,103,4,0.3985,0.3940,0.1775,0.1748,158:97:127:98
d30012,,greedy1,R1,0.5,102,3,0.4124,0.3927,0.1172,0.1115,158:10:164
d30012,,greedy1,R2,0.5,103,4,0.3738,0.3679,0.1600,0.1558,165:127:98:112
d30012,,greedy1,am,0.6,85,4,0.4669,0.3807,0.1738,0.1420,158:97:98:112
d30012,,greedy1,hm,0.6,103,4,0.3985,0.3940,0.1775,0.1748,158:97:127:98
d30012,,greedy1,R1,0.6,85,4,0.4669,0.3807,0.1738,0.1420,158:97:98:112
d30012,,greedy1,R2,0.6,103,4,0.3985,0.3940,0.1775,0.1748,97:158:127:98
d30012,,greedy1,am,0.8,48,3,0.5598,0.2529,0.2167,0.0971,98:97:112
d30012,,greedy1,hm,0.8,49,3,0.5213,0.2402,0.2228,0.1019,98:97:32
d30012,,greedy1,R1,0.8,72,3,0.4929,0.3388,0.1884,0.1295,158:98:97
d30012,,greedy1,R2,0.8,49,3,0.5213,0.2402,0.2228,0.1019,98:97:32
d30028,,greedy1,am,0,98,3,0.5316,0.4994,0.1915,0.1812,27:111:108
d30028,,greedy1,hm,0,104,4,0.5637,0.5685,0.2277,0.2310,111:108:2:89
d30028,,greedy1,R1,0,98,3,0.5316,0.4994,0.1915,0.1812,27:108:111
d30028,,greedy1,R2,0,104,4,0.5637,0.5685,0.2277,0.2310,111:108:2:89
d30028,,greedy1,am,0.1,98,3,0.5316,0.4994,0.1915,0.1812,27:111:108
d30028,,greedy1,hm,0.1,104,4,0.5637,0.5685,0.2277,0.2310,111:108:2:89
d30028,,greedy1,R1,0.1,98,3,0.5316,0.4994,0.1915,0.1812,27:108:111
d30028,,greedy1,R2,0.1,99,5,0.5438,0.5214,0.2500,0.2405,111:108:2:15:99
d30028,,greedy1,am,0.2,104,4,0.5637,0.5685,0.2252,0.2288,108:111:2:89
d30028,,greedy1,hm,0.2,104,4,0.5637,0.5685,0.2277,0.2310,111:108:2:89
d30028,,greedy1,R1,0.2,98,3,0.5316,0.4994,0.1915,0.1812,27:108:111
d30028,,greedy1,R2,0.2,99,5,0.5438,0.5214,0.2500,0.2405,111:108:2:15:99
d30028,,greedy1,am,0.3,104,4,0.5637,0.5685,0.2252,0.2288,108:111:2:89
d30028,,greedy1,hm,0.3,104,4,0.5637,0.5685,0.2277,0.2310,111:108:2:89
d30028,,greedy1,R1,0.3,98,3,0.5316,0.4994,0.1915,0.1812,108:27:111
d30028,,greedy1,R2,0.3,99,5,0.5438,0.5214,0.2500,0.2405,111:108:2:15:99
d30028,,greedy1,am,0.4,104,4,0.5637,0.5685,0.2277,0.2310,111:108:2:89
d30028,,greedy1,hm,0.4,101,5,0.5631,0.5511,0.2423,0.2380,111:108:2:15:110
d30028,,greedy1,R1,0.4,98,3,0.5316,0.4994,0.1915,0.1812,108:111:27
d30028,,greedy1,R2,0.4,99,5,0.5438,0.5214,0.2500,0.2405,111:108:2:15:99
d30028,,greedy1,am,0.5,95,4,0.5878,0.5463,0.2339,0.2183,111:108:2:69
d30028,,greedy1,hm,0.5,99,5,0.5438,0.5214,0.2500,0.2405,111:108:2:15:99
d30028,,greedy1,R1,0.5,95,4,0.5878,0.5463,0.2285,0.2134,2:108:111:69
d30028,,greedy1,R2,0.5,99,5,0.5438,0.5214,0.2500,0.2405,111:108:2:15:99
d30028,,greedy1,am,0.6,95,4,0.5878,0.5463,0.2339,0.2183,111:108:2:69
d30028,,greedy1,hm,0.6,90,4,0.5739,0.4990,0.2615,0.2279,111:108:2:15
d30028,,greedy1,R1,0.6,95,4,0.5878,0.5463,0.2285,0.2134,2:111:69:108
d30028,,greedy1,R2,0.6,90,4,0.5739,0.4990,0.2615,0.2279,111:108:2:15
d30028,,greedy1,am,0.8,76,3,0.6067,0.4498,0.2669,0.1982,111:2:108
d30028,,greedy1,hm,0.8,21,1,0.6548,0.1365,0.4125,0.0836,111
d30028,,greedy1,R1,0.8,64,3,0.6406,0.4059,0.2421,0.1538,2:111:69
d30028,,greedy1,R2,0.8,21,1,0.6548,0.1365,0.4125,0.0836,111
d30044,,greedy1,am,0,103,4,0.4871,0.4464,0.1406,0.1281,67:117:68:119
d30044,,greedy1,hm,0,100,3,0.4511,0.3927,0.1429,0.1238,68:117:31
d30044,,greedy1,R1,0,103,4,0.4871,0.4464,0.1406,0.1281,67:117:68:119
d30044,,greedy1,R2,0,100,3,0.4457,0.3882,0.1401,0.1219,68:78:85
d30044,,greedy1,am,0.1,103,4,0.4871,0.4464,0.1406,0.1281,67:117:68:119
d30044,,greedy1,hm,0.1,104,4,0.4742,0.4353,0.1510,0.1386,68:117:85:119
d30044,,greedy1,R1,0.1,103,4,0.4871,0.4464,0.1406,0.1281,67:117:68:119
d30044,,greedy1,R2,0.1,100,3,0.4511,0.3927,0.1429,0.1238,68:117:31
d30044,,greedy1,am,0.2,103,4,0.4871,0.4464,0.1406,0.1281,67:117:68:119
d30044,,greedy1,hm,0.2,104,4,0.4742,0.4353,0.1510,0.1386,68:117:85:119
d30044,,greedy1,R1,0.2,103,4,0.4871,0.4464,0.1406,0.1281,67:117:68:119
d30044,,greedy1,R2,0.2,100,3,0.4511,0.3927,0.1429,0.1238,68:117:31
d30044,,greedy1,am,0.3,103,4,0.4871,0.4464,0.1406,0.1281,67:117:68:119
d30044,,greedy1,hm,0.3,104,4,0.4742,0.4353,0.1510,0.1386,68:117:85:119
d30044,,greedy1,R1,0.3,103,4,0.4871,0.4464,0.1406,0.1281,67:117:68:119
d30044,,greedy1,R2,0.3,100,3,0.4511,0.3927,0.1429,0.1238,68:117:31
d30044,,greedy1,am,0.4,100,4,0.4974,0.4557,0.1276,0.1166,67:47:117:60
d30044,,greedy1,hm,0.4,104,4,0.4742,0.4353,0.1510,0.1386,68:117:85:119
d30044,,greedy1,R1,0.4,104,4,0.4802,0.4598,0.1075,0.1037,47:117:155:92
d30044,,greedy1,R2,0.4,100,3,0.4511,0.3927,0.1429,0.1238,68:117:31
d30044,,greedy1,am,0.5,100,4,0.4974,0.4557,0.1276,0.1166,67:47:117:60
d30044,,greedy1,hm,0.5,96,4,0.5055,0.4348,0.1556,0.1336,68:117:47:119
d30044,,greedy1,R1,0.5,104,4,0.4802,0.4598,0.1075,0.1037,47:117:155:92
d30044,,greedy1,R2,0.5,92,4,0.4631,0.3860,0.1552,0.1294,172:117:119:85
d30044,,greedy1,am,0.6,96,4,0.5055,0.4348,0.1556,0.1336,47:117:68:119
d30044,,greedy1,hm,0.6,92,4,0.4716,0.3930,0.1552,0.1293,172:117:119:37
d30044,,greedy1,R1,0.6,103,5,0.4827,0.4618,0.1300,0.1249,47:117:155:63:147
d30044,,greedy1,R2,0.6,102,5,0.4419,0.4149,0.1480,0.1385,172:119:117:123:97
d30044,,greedy1,am,0.8,80,5,0.5592,0.4021,0.1600,0.1145,172:97:145:127:119
d30044,,greedy1,hm,0.8,57,4,0.5741,0.2934,0.1934,0.0976,172:119:97:2
d30044,,greedy1,R1,0.8,58,4,0.6435,0.3284,0.1651,0.0832,127:97:2:60
d30044,,greedy1,R2,0.8,28,2,0.5089,0.1349,0.2130,0.0548,172:119
d31033,,greedy1,am,0,103,2,0.4091,0.3806,0.1276,0.1188,123:5
d31033,,greedy1,hm,0,98,3,0.4237,0.3780,0.1410,0.1258,227:5:31
d31033,,greedy1,R1,0,103,2,0.4091,0.3806,0.1276,0.1188,123:5
d31033,,greedy1,R2,0,104,3,0.3825,0.3593,0.1364,0.1282,5:227:91
d31033,,greedy1,am,0.1,103,2,0.4091,0.3806,0.1276,0.1188,123:5
d31033,,greedy1,hm,0.1,98,3,0.4237,0.3780,0.1410,0.1258,227:5:31
d31033,,greedy1,R1,0.1,103,2,0.4091,0.3806,0.1276,0.1188,123:5
d31033,,greedy1,R2,0.1,98,3,0.4237,0.3780,0.1436,0.1282,5:227:31
d31033,,greedy1,am,0.2,103,2,0.4091,0.3806,0.1276,0.1188,123:5
d31033,,greedy1,hm,0.2,98,3,0.4237,0.3780,0.1410,0.1258,227:5:31
d31033,,greedy1,R1,0.2,103,2,0.4091,0.3806,0.1276,0.1188,123:5
d31033,,greedy1,R2,0.2,98,3,0.4237,0.3780,0.1436,0.1282,5:227:31
d31033,,greedy1,am,0.3,98,3,0.4237,0.3780,0.1410,0.1258,227:5:31
d31033,,greedy1,hm,0.3,98,3,0.4237,0.3780,0.1410,0.1258,227:5:31
d31033,,greedy1,R1,0.3,103,2,0.4091,0.3806,0.1276,0.1188,123:5
d31033,,greedy1,R2,0.3,98,3,0.4237,0.3780,0.1410,0.1258,227:5:31
d31033,,greedy1,am,0.4,103,3,0.4350,0.4085,0.1490,0.1399,227:266:81
d31033,,greedy1,hm,0.4,98,3,0.4237,0.3780,0.1410,0.1258,227:5:31
d31033,,greedy1,R1,0.4,100,3,0.4381,0.3991,0.1042,0.0947,227:282:192
d31033,,greedy1,R2,0.4,98,3,0.4237,0.3780,0.1410,0.1258,227:5:31
d31033,,greedy1,am,0.5,103,3,0.4350,0.4085,0.1490,0.1399,227:266:81
d31033,,greedy1,hm,0.5,98,3,0.4237,0.3780,0.1410,0.1258,227:5:31
d31033,,greedy1,R1,0.5,98,4,0.4609,0.4154,0.1158,0.1042,227:266:106:148
d31033,,greedy1,R2,0.5,94,3,0.4522,0.3780,0.1534,0.1281,125:81:22
d31033,,greedy1,am,0.6,103,3,0.4350,0.4085,0.1490,0.1399,227:266:81
d31033,,greedy1,hm,0.6,103,3,0.4350,0.4085,0.1490,0.1399,227:266:81
d31033,,greedy1,R1,0.6,87,3,0.4797,0.3872,0.1294,0.1042,227:266:106
d31033,,greedy1,R2,0.6,94,3,0.4522,0.3780,0.1534,0.1281,125:81:22
d31033,,greedy1,am,0.8,67,2,0.5189,0.3215,0.1615,0.0995,227:266
d31033,,greedy1,hm,0.8,59,2,0.5179,0.2724,0.1773,0.0925,125:81
d31033,,greedy1,R1,0.8,67,2,0.5189,0.3215,0.1615,0.0995,227:266
d31033,,greedy1,R2,0.8,23,1,0.5227,0.1081,0.2262,0.0451,125
d31028,,greedy1,am,0,99,3,0.4974,0.4614,0.2105,0.1954,119:0:170
d31028,,greedy1,hm,0,99,3,0.4974,0.4614,0.2105,0.1954,119:0:170
d31028,,greedy1,R1,0,103,3,0.4848,0.4637,0.1888,0.1805,119:0:58
d31028,,greedy1,R2,0,99,3,0.4974,0.4614,0.2132,0.1978,0:119:170
d31028,,greedy1,am,0.1,99,3,0.4974,0.4614,0.2105,0.1954,119:0:170
d31028,,greedy1,hm,0.1,99,3,0.4974,0.4614,0.2105,0.1954,119:0:170
d31028,,greedy1,R1,0.1,103,3,0.4848,0.4637,0.1888,0.1805,119:0:58
d31028,,greedy1,R2,0.1,99,3,0.4974,0.4614,0.2105,0.1954,119:0:170
d31028,,greedy1,am,0.2,99,3,0.4974,0.4614,0.2105,0.1954,119:0:170
d31028,,greedy1,hm,0.2,99,3,0.4974,0.4614,0.2105,0.1954,119:0:170
d31028,,greedy1,R1,0.2,99,3,0.4974,0.4614,0.2105,0.1954,119:0:170
d31028,,greedy1,R2,0.2,99,3,0.4974,0.4614,0.2105,0.1954,119:0:170
d31028,,greedy1,am,0.3,99,3,0.4974,0.4614,0.2105,0.1954,119:0:170
d31028,,greedy1,hm,0.3,99,3,0.4974,0.4614,0.2105,0.1954,119:0:170
d31028,,greedy1,R1,0.3,99,3,0.4974,0.4614,0.2105,0.1954,119:0:170
d31028,,greedy1,R2,0.3,99,3,0.4974,0.4614,0.2105,0.1954,119:0:170
d31028,,greedy1,am,0.4,99,3,0.4974,0.4614,0.2105,0.1954,119:0:170
d31028,,greedy1,hm,0.4,99,3,0.4974,0.4614,0.2105,0.1954,119:0:170
d31028,,greedy1,R1,0.4,99,3,0.4974,0.4614,0.2105,0.1954,119:0:170
d31028,,greedy1,R2,0.4,99,3,0.4974,0.4614,0.2105,0.1954,119:0:170
d31028,,greedy1,am,0.5,99,3,0.4974,0.4614,0.2105,0.1954,119:0:170
d31028,,greedy1,hm,0.5,99,3,0.4974,0.4614,0.2105,0.1954,119:0:170
d31028,,greedy1,R1,0.5,99,3,0.4974,0.4614,0.2105,0.1954,119:0:170
d31028,,greedy1,R2,0.5,99,3,0.4974,0.4614,0.2105,0.1954,119:0:170
d31028,,greedy1,am,0.6,99,3,0.4974,0.4614,0.2105,0.1954,119:0:170
d31028,,greedy1,hm,0.6,99,3,0.4974,0.4614,0.2105,0.1954,119:0:170
d31028,,greedy1,R1,0.6,99,3,0.4974,0.4614,0.2105,0.1954,119:0:170
d31028,,greedy1,R2,0.6,99,3,0.4974,0.4614,0.2132,0.1978,170:0:119
d31028,,greedy1,am,0.8,34,2,0.6397,0.2104,0.2652,0.0857,170:115
d31028,,greedy1,hm,0.8,11,1,0.6667,0.0774,0.3864,0.0416,170
d31028,,greedy1,R1,0.8,43,1,0.6280,0.2489,0.2250,0.0879,119
d31028,,greedy1,R2,0.8,11,1,0.6667,0.0774,0.3864,0.0416,170
d31022,,greedy1,am,0,103,3,0.3990,0.3739,0.0893,0.0837,49:46:208
d31022,,greedy1,hm,0,103,4,0.4040,0.3796,0.1097,0.1045,46:261:10:44
d31022,,greedy1,R1,0,103,3,0.3990,0.3739,0.0893,0.0837,49:46:208
d31022,,greedy1,R2,0,103,4,0.4040,0.3796,0.1097,0.1045,261:46:10:44
d31022,,greedy1,am,0.1,103,3,0.3990,0.3739,0.0893,0.0837,49:46:208
d31022,,greedy1,hm,0.1,103,4,0.4040,0.3796,0.1097,0.1045,261:46:10:44
d31022,,greedy1,R1,0.1,103,3,0.3990,0.3739,0.0893,0.0837,49:46:208
d31022,,greedy1,R2,0.1,104,5,0.3975,0.3770,0.1237,0.1181,261:89:10:176:44
d31022,,greedy1,am,0.2,103,3,0.3990,0.3739,0.0893,0.0837,49:46:208
d31022,,greedy1,hm,0.2,102,5,0.4209,0.3919,0.1211,0.1138,261:10:89:79:44
d31022,,greedy1,R1,0.2,103,3,0.3990,0.3739,0.0893,0.0837,49:46:208
d31022,,greedy1,R2,0.2,100,5,0.3892,0.3570,0.1250,0.1151,233:218:10:176:44
d31022,,greedy1,am,0.3,103,3,0.3990,0.3739,0.0893,0.0837,49:46:208
d31022,,greedy1,hm,0.3,104,6,0.4059,0.3883,0.1275,0.1225,233:10:218:44:6:82
d31022,,greedy1,R1,0.3,103,3,0.3990,0.3739,0.0893,0.0837,49:46:208
d31022,,greedy1,R2,0.3,104,7,0.3911,0.3757,0.1350,0.1304,233:218:10:44:164:89:214
d31022,,greedy1,am,0.4,103,3,0.3990,0.3739,0.0893,0.0837,49:46:208
d31022,,greedy1,hm,0.4,98,6,0.4271,0.3886,0.1368,0.1243,233:89:10:44:6:164
d31022,,greedy1,R1,0.4,103,4,0.4318,0.4056,0.0995,0.0927,49:162:89:96
d31022,,greedy1,R2,0.4,94,6,0.4103,0.3589,0.1401,0.1229,233:89:44:10:218:164
d31022,,greedy1,am,0.5,102,4,0.4337,0.4028,0.1057,0.0973,49:162:89:233
d31022,,greedy1,hm,0.5,92,6,0.4389,0.3748,0.1404,0.1202,233:89:44:0:6:164
d31022,,greedy1,R1,0.5,103,4,0.4318,0.4056,0.0995,0.0927,49:162:89:96
d31022,,greedy1,R2,0.5,102,7,0.3950,0.3765,0.1338,0.1286,233:89:44:0:164:218:78
d31022,,greedy1,am,0.6,90,6,0.4741,0.3913,0.1308,0.1096,233:0:89:44:167:263
d31022,,greedy1,hm,0.6,54,4,0.5283,0.2660,0.1779,0.0898,233:89:44:0
d31022,,greedy1,R1,0.6,103,4,0.4318,0.4056,0.0995,0.0927,49:162:89:96
d31022,,greedy1,R2,0.6,31,3,0.5645,0.1663,0.2250,0.0652,233:89:44
d31022,,greedy1,am,0.8,10,1,0.6750,0.0635,0.3333,0.0288,233
d31022,,greedy1,hm,0.8,10,1,0.6750,0.0635,0.3333,0.0288,233
d31022,,greedy1,R1,0.8,68,5,0.5152,0.3227,0.1500,0.0946,233:89:0:167:44
d31022,,greedy1,R2,0.8,10,1,0.6750,0.0635,0.3333,0.0288,233
